R‚fD‚tailCommande;R‚fCommande;R‚fProduit;Quantit‚;PrixUnitaire;Remise;FORFAIT;PrixUnitaire?;PrixUnitaireht;TVA
292;304;52;1;6.000,00;0;TRUE;0,00;6.000,00;0
293;305;52;1;6.000,00;0;TRUE;0,00;6.000,00;0
294;307;52;1;6.000,00;0;TRUE;0,00;6.000,00;0,140000001
295;308;52;1;6.000,00;0;TRUE;0,00;6.000,00;0
296;309;52;1;6.000,00;0;TRUE;0,00;6.000,00;0,140000001
297;310;52;1;6.000,00;0;TRUE;0,00;6.000,00;0,140000001
298;311;52;1;6.000,00;0;TRUE;0,00;6.000,00;0,140000001
299;312;52;1;6.000,00;0;TRUE;0,00;6.000,00;0,140000001
300;313;52;1;6.000,00;0;TRUE;0,00;6.000,00;0,140000001
301;314;52;1;6.000,00;0;TRUE;0,00;6.000,00;0,140000001
302;315;60;1;9.000,00;0;TRUE;0,00;9.000,00;0,140000001
303;316;10;1;9.001,00;0;TRUE;0,00;9.001,00;0
304;317;60;1;9.000,00;0;TRUE;0,00;9.000,00;0,140000001
305;318;60;1;9.000,00;0;TRUE;0,00;9.000,00;0,140000001
306;319;30;1;29.241,00;0;TRUE;0,00;29.241,00;0,140000001
307;320;30;1;29.241,00;0;TRUE;0,00;29.241,00;0,140000001
308;321;35;1;9.000,00;0;TRUE;0,00;9.000,00;0,140000001
309;322;35;1;9.000,00;0;TRUE;0,00;9.000,00;0,140000001
310;323;35;1;9.000,00;0;TRUE;0,00;9.000,00;0,140000001
311;324;35;1;9.000,00;0;TRUE;0,00;9.000,00;0,140000001
312;325;41;1;0,00;0;TRUE;2.700,00;0,00;0,140000001
313;326;61;1;0,00;0;TRUE;3.300,00;0,00;0,140000001
314;327;41;1;0,00;0;TRUE;2.600,00;0,00;0,140000001
315;328;60;1;9.000,00;0;TRUE;0,00;9.000,00;0,140000001
316;329;30;1;0,00;0;TRUE;2.700,00;0,00;0
317;330;41;1;30.000,00;0;TRUE;2.700,00;30.000,00;0,140000001
318;331;30;1;30.000,00;0;TRUE;2.700,00;30.000,00;0,140000001
319;332;52;1;8.000,00;0;TRUE;0,00;8.000,00;0
320;333;52;1;8.000,00;0;TRUE;0,00;8.000,00;0,140000001
321;334;35;1;9.000,00;0;TRUE;0,00;9.000,00;0,140000001
322;335;52;1;8.000,00;0;TRUE;0,00;8.000,00;0,140000001
323;336;52;1;8.000,00;0;TRUE;0,00;8.000,00;0,140000001
324;337;60;1;9.000,00;0;TRUE;0,00;9.000,00;0,140000001
325;338;41;1;30.000,00;0;TRUE;0,00;30.000,00;0,140000001
326;339;41;1;30.000,00;0;TRUE;0,00;30.000,00;0,140000001
327;340;41;1;30.000,00;0;TRUE;0,00;30.000,00;0,140000001
328;341;41;1;30.000,00;0;TRUE;0,00;30.000,00;0,140000001
329;342;62;1;8.600,00;0;TRUE;0,00;8.600,00;0,140000001
330;343;35;1;9.000,00;0;TRUE;0,00;9.000,00;0,140000001
331;344;60;1;9.000,00;0;TRUE;0,00;9.000,00;0,140000001
332;345;41;1;27.950,00;0;TRUE;0,00;27.950,00;0
333;346;41;1;27.950,00;0;TRUE;0,00;27.950,00;0,140000001
334;347;41;1;0,00;0;TRUE;2.700,00;0,00;0,140000001
335;348;41;1;0,00;0;TRUE;2.700,00;0,00;0,140000001
336;349;41;1;27.950,00;0;TRUE;0,00;27.950,00;0,140000001
337;350;52;1;6.000,00;0;TRUE;0,00;6.000,00;0,140000001
339;352;60;1;8.500,00;0;TRUE;0,00;8.500,00;0,140000001
340;354;41;1;27.950,00;0;TRUE;0,00;27.950,00;0,140000001
341;355;30;1;27.950,00;0;TRUE;0,00;27.950,00;0,140000001
347;358;41;1;27.950,00;0;TRUE;0,00;27.950,00;0,140000001
348;358;;1;0,00;0;FALSE;0,00;0,00;0,140000001
349;359;52;1;6.000,00;0;TRUE;0,00;6.000,00;0,140000001
350;360;60;1;8.000,00;0;TRUE;0,00;8.000,00;0,140000001
351;361;29;1;8.000,00;0;TRUE;0,00;8.000,00;0,140000001
352;362;41;1;0,00;0;TRUE;2.500,00;0,00;0,140000001
353;365;21;1;1.100,00;0;TRUE;0,00;1.100,00;0,140000001
354;366;41;1;0,00;0;TRUE;2.500,00;0,00;0,140000001
355;367;41;1;0,00;0;TRUE;2.500,00;0,00;0,140000001
356;368;2;1;6.000,00;0;TRUE;0,00;6.000,00;0,140000001
357;369;36;1;6.000,00;0;TRUE;0,00;6.000,00;0,140000001
358;371;41;1;0,00;0;TRUE;2.500,00;0,00;0,140000001
359;372;21;1;11.000,00;0;TRUE;0,00;11.000,00;0,140000001
360;373;21;1;11.000,00;0;TRUE;0,00;11.000,00;0,140000001
361;374;63;1;0,00;0;TRUE;2.400,00;0,00;0,140000001
362;375;30;1;0,00;0;TRUE;2.500,00;0,00;0,140000001
363;376;7;1;6.000,00;0;TRUE;0,00;6.000,00;0,140000001
364;377;2;1;6.000,00;0;TRUE;0,00;6.000,00;0,140000001
365;378;41;1;0,00;0;TRUE;2.500,00;0,00;0,140000001
366;379;48;1;6.000,00;0;TRUE;0,00;6.000,00;0,140000001
367;380;48;1;6.000,00;0;TRUE;0,00;6.000,00;0,140000001
368;381;52;1;6.000,00;0;TRUE;0,00;6.000,00;0,140000001
369;382;63;1;0,00;0;TRUE;2.500,00;0,00;0,140000001
370;383;62;1;6.000,00;0;TRUE;0,00;6.000,00;0,140000001
371;384;64;1;12.000,00;0;TRUE;0,00;12.000,00;0,140000001
372;385;63;1;0,00;0;TRUE;2.500,00;0,00;0,140000001
373;386;41;1;27.950,00;0;TRUE;0,00;27.950,00;0,140000001
374;387;21;1;11.000,00;0;TRUE;0,00;11.000,00;0,140000001
375;388;35;1;8.000,00;0;TRUE;0,00;8.000,00;0,140000001
376;389;63;1;0,00;0;TRUE;2.500,00;0,00;0,140000001
377;390;41;1;27.950,00;0;TRUE;0,00;27.950,00;0,140000001
378;391;48;1;6.000,00;0;TRUE;0,00;6.000,00;0,140000001
379;392;65;1;6.000,00;0;TRUE;0,00;6.000,00;0,140000001
380;394;41;1;27.950,00;0;TRUE;0,00;27.950,00;0,140000001
381;395;41;1;0,00;0;TRUE;2.500,00;0,00;0,140000001
382;396;41;1;26.870,00;0;TRUE;0,00;26.870,00;0,140000001
383;397;41;1;0,00;0;TRUE;2.500,00;0,00;0,140000001
384;398;35;1;8.000,00;0;TRUE;0,00;8.000,00;0,140000001
385;399;35;1;8.000,00;0;TRUE;0,00;8.000,00;0,140000001
386;400;21;1;11.000,00;0;TRUE;0,00;11.000,00;0,140000001
387;401;48;1;6.000,00;0;TRUE;0,00;6.000,00;0,140000001
388;402;60;1;8.000,00;0;TRUE;0,00;8.000,00;0,140000001
389;403;41;1;26.875,00;0;TRUE;0,00;26.875,00;0,140000001
390;404;63;1;0,00;0;TRUE;2.500,00;0,00;0,140000001
391;405;66;1;0,00;0;TRUE;4.000,00;0,00;0,140000001
392;406;41;1;0,00;0;TRUE;2.500,00;0,00;0,140000001
393;407;35;1;8.000,00;0;TRUE;0,00;8.000,00;0,140000001
394;408;60;1;8.000,00;0;TRUE;0,00;8.000,00;0,140000001
395;410;41;1;25.200,00;0;TRUE;0,00;25.200,00;0
396;411;51;1;6.000,00;0;TRUE;0,00;6.000,00;0,140000001
397;412;60;1;8.000,00;0;TRUE;0,00;8.000,00;0,140000001
398;413;41;1;25.200,00;0;TRUE;0,00;25.200,00;0
399;414;35;1;8.000,00;0;TRUE;0,00;8.000,00;0,140000001
400;416;41;1;25.200,00;0;TRUE;0,00;25.200,00;0
401;417;60;1;8.000,00;0;TRUE;0,00;8.000,00;0,140000001
402;418;35;1;8.000,00;0;TRUE;0,00;8.000,00;0
403;419;35;1;8.000,00;0;TRUE;0,00;8.000,00;0
404;420;35;1;8.000,00;0;TRUE;0,00;8.000,00;0,140000001
405;421;67;1;8.000,00;0;TRUE;0,00;8.000,00;0,140000001
406;422;60;1;8.000,00;0;TRUE;0,00;8.000,00;0,140000001
407;423;35;1;8.000,00;0;TRUE;0,00;8.000,00;0,140000001
408;424;35;1;8.000,00;0;TRUE;0,00;8.000,00;0,140000001
409;425;60;1;8.000,00;0;TRUE;0,00;8.000,00;0,140000001
410;426;35;1;8.000,00;0;TRUE;0,00;8.000,00;0,140000001
411;427;60;1;8.000,00;0;TRUE;0,00;8.000,00;0,140000001
412;428;35;1;8.000,00;0;TRUE;0,00;8.000,00;0,140000001
413;431;35;1;8.000,00;0;TRUE;0,00;8.000,00;0,140000001
414;432;60;1;8.000,00;0;TRUE;0,00;8.000,00;0,140000001
415;433;60;1;8.000,00;0;TRUE;0,00;8.000,00;0,140000001
416;434;35;1;8.000,00;0;TRUE;0,00;8.000,00;0,140000001
417;435;35;1;8.000,00;0;TRUE;0,00;8.000,00;0,140000001
418;436;35;1;8.000,00;0;TRUE;0,00;8.000,00;0,140000001
420;437;35;1;8.000,00;0;TRUE;0,00;8.000,00;0,140000001
421;438;35;1;8.000,00;0;TRUE;0,00;8.000,00;0,140000001
423;439;35;1;8.000,00;0;TRUE;0,00;8.000,00;0,140000001
424;440;35;1;8.000,00;0;TRUE;0,00;8.000,00;0,140000001
425;441;35;1;8.000,00;0;TRUE;0,00;8.000,00;0,140000001
426;442;35;1;8.000,00;0;TRUE;0,00;8.000,00;0,140000001
427;443;60;1;8.000,00;0;TRUE;0,00;8.000,00;0,140000001
428;444;60;1;8.000,00;0;TRUE;0,00;8.000,00;0,140000001
429;445;60;1;8.000,00;0;TRUE;0,00;8.000,00;0
430;446;35;1;8.000,00;0;TRUE;0,00;8.000,00;0,140000001
431;447;35;1;8.000,00;0;TRUE;0,00;8.000,00;0,140000001
432;448;35;1;8.000,00;0;TRUE;0,00;8.000,00;0,140000001
433;449;35;1;8.000,00;0;TRUE;0,00;8.000,00;0,140000001
434;450;35;1;8.000,00;0;TRUE;0,00;8.000,00;0,140000001
435;451;35;1;8.000,00;0;TRUE;0,00;8.000,00;0,140000001
436;452;35;1;8.000,00;0;TRUE;0,00;8.000,00;0,140000001
437;453;35;1;8.000,00;0;TRUE;0,00;8.000,00;0,140000001
438;454;60;1;8.000,00;0;TRUE;0,00;8.000,00;0,140000001
439;455;60;1;8.000,00;0;TRUE;0,00;8.000,00;0,140000001
440;456;60;1;8.000,00;0;TRUE;0,00;8.000,00;0,140000001
441;457;60;1;8.000,00;0;TRUE;0,00;8.000,00;0,140000001
442;458;60;1;8.000,00;0;TRUE;0,00;8.000,00;0,140000001
443;459;60;1;8.000,00;0;TRUE;0,00;8.000,00;0,140000001
444;460;35;1;8.000,00;0;TRUE;0,00;8.000,00;0,140000001
445;461;35;1;8.000,00;0;TRUE;0,00;8.000,00;0,140000001
446;462;35;1;8.000,00;0;TRUE;0,00;8.000,00;0,140000001
447;463;60;1;8.000,00;0;TRUE;0,00;8.000,00;0,140000001
448;464;60;1;8.000,00;0;TRUE;0,00;8.000,00;0,140000001
449;465;35;1;8.000,00;0;TRUE;0,00;8.000,00;0,140000001
450;466;35;1;8.000,00;0;TRUE;0,00;8.000,00;0,140000001
451;467;35;1;8.000,00;0;TRUE;0,00;8.000,00;0,140000001
452;468;60;1;8.000,00;0;TRUE;0,00;8.000,00;0,140000001
453;469;35;1;8.000,00;0;TRUE;0,00;8.000,00;0,140000001
454;470;60;1;8.000,00;0;TRUE;0,00;8.000,00;0,140000001
455;471;35;1;8.000,00;0;TRUE;0,00;8.000,00;0,140000001
456;472;35;1;8.000,00;0;TRUE;0,00;8.000,00;0,140000001
457;473;35;1;8.000,00;0;TRUE;0,00;8.000,00;0,140000001
458;474;35;1;8.000,00;0;TRUE;0,00;8.000,00;0,140000001
459;475;35;1;8.000,00;0;TRUE;0,00;8.000,00;0,140000001
460;476;41;1;28.620,00;0;TRUE;0,00;28.620,00;0,140000001
461;477;35;1;8.000,00;0;TRUE;0,00;8.000,00;0,140000001
462;478;41;1;27.560,00;0;TRUE;2.500,00;27.560,00;0,140000001
463;479;41;1;28.620,00;0;TRUE;0,00;28.620,00;0,140000001
465;480;35;1;8.000,00;0;TRUE;0,00;8.000,00;0,140000001
466;481;41;1;28.620,00;0;TRUE;0,00;28.620,00;0,140000001
467;482;35;1;8.000,00;0;TRUE;0,00;8.000,00;0,140000001
468;484;41;1;0,00;0;TRUE;2.700,00;0,00;0,140000001
469;485;41;1;0,00;0;TRUE;2.700,00;0,00;0,140000001
470;486;41;1;0,00;0;TRUE;2.500,00;0,00;0,140000001
471;487;41;1;0,00;0;TRUE;2.500,00;0,00;0,140000001
472;488;35;1;8.000,00;0;TRUE;0,00;8.000,00;0,140000001
473;489;41;1;0,00;0;TRUE;2.700,00;0,00;0,140000001
474;490;35;1;8.000,00;0;TRUE;0,00;8.000,00;0,140000001
475;491;41;1;0,00;0;TRUE;2.600,00;0,00;0
476;492;35;1;8.000,00;0;TRUE;0,00;8.000,00;0,140000001
477;493;35;1;8.000,00;0;TRUE;0,00;8.000,00;0,140000001
478;494;35;1;8.000,00;0;TRUE;0,00;8.000,00;0,140000001
479;498;35;1;8.000,00;0;TRUE;0,00;8.000,00;0,140000001
480;499;60;1;8.000,00;0;TRUE;0,00;8.000,00;0,140000001
481;500;41;1;28.620,00;0;TRUE;0,00;28.620,00;0,140000001
482;501;35;1;8.000,00;0;TRUE;0,00;8.000,00;0,140000001
483;502;35;1;8.000,00;0;TRUE;0,00;8.000,00;0,140000001
484;503;41;1;28.620,00;0;TRUE;0,00;28.620,00;0,140000001
485;504;41;1;27.560,00;0;TRUE;0,00;27.560,00;0,140000001
486;505;35;1;8.000,00;0;TRUE;0,00;8.000,00;0,140000001
487;506;41;1;0,00;0;TRUE;2.600,00;0,00;0,140000001
488;508;41;1;0,00;0;TRUE;2.600,00;0,00;0,140000001
489;509;21;1;11.000,00;0;TRUE;0,00;11.000,00;0,140000001
490;511;35;1;8.000,00;0;TRUE;0,00;8.000,00;0,140000001
491;512;35;1;8.000,00;0;TRUE;0,00;8.000,00;0,140000001
492;513;35;1;8.000,00;0;TRUE;0,00;8.000,00;0,140000001
493;514;35;1;8.000,00;0;TRUE;0,00;8.000,00;0,140000001
494;515;41;1;28.620,00;0;TRUE;0,00;28.620,00;0,140000001
495;516;41;1;28.620,00;0;TRUE;0,00;28.620,00;0,140000001
496;517;41;1;28.620,00;0;TRUE;0,00;28.620,00;0,140000001
497;518;41;1;0,00;0;TRUE;2.700,00;0,00;0,140000001
498;519;68;1;0,00;0;TRUE;2.000,00;0,00;0,140000001
499;520;41;1;0,00;0;TRUE;2.700,00;0,00;0,140000001
500;521;39;1;6.000,00;0;TRUE;0,00;6.000,00;0,140000001
501;523;39;1;6.000,00;0;TRUE;0,00;6.000,00;0,140000001
502;524;41;1;0,00;0;TRUE;2.600,00;0,00;0
503;525;41;1;0,00;0;TRUE;2.600,00;0,00;0
504;526;60;1;8.000,00;0;TRUE;0,00;8.000,00;0,140000001
505;528;41;1;26.800,00;0;TRUE;0,00;26.800,00;0,140000001
506;534;48;1;6.000,00;0;TRUE;0,00;6.000,00;0,140000001
507;535;35;1;8.000,00;0;TRUE;0,00;8.000,00;0,140000001
508;536;68;1;42.400,00;0;TRUE;0,00;42.400,00;0,140000001
509;537;41;1;0,00;0;TRUE;2.600,00;0,00;0,140000001
510;538;41;1;27.560,00;0;TRUE;0,00;27.560,00;0,140000001
511;539;41;1;29.000,00;0;TRUE;0,00;29.000,00;0,140000001
512;540;35;1;8.000,00;0;TRUE;0,00;8.000,00;0,140000001
513;541;35;1;8.000,00;0;TRUE;0,00;8.000,00;0,140000001
514;542;60;1;8.000,00;0;TRUE;0,00;8.000,00;0,140000001
515;543;60;1;8.000,00;0;TRUE;0,00;8.000,00;0,140000001
516;545;35;1;8.000,00;0;TRUE;0,00;8.000,00;0,140000001
517;546;69;1;25.000,00;0;TRUE;0,00;25.000,00;0,140000001
518;547;35;1;8.000,00;0;TRUE;0,00;8.000,00;0,140000001
519;548;35;1;8.000,00;0;TRUE;0,00;8.000,00;0,140000001
520;549;35;1;8.000,00;0;TRUE;0,00;8.000,00;0,140000001
521;550;70;1;22.000,00;0;TRUE;0,00;22.000,00;0,140000001
522;551;35;1;8.000,00;0;TRUE;0,00;8.000,00;0,140000001
523;552;41;1;29.000,00;0;TRUE;0,00;29.000,00;0,140000001
524;553;60;1;8.000,00;0;TRUE;0,00;8.000,00;0,140000001
525;554;41;1;33.000,00;0;TRUE;0,00;33.000,00;0
526;555;41;1;33.000,00;0;TRUE;0,00;33.000,00;0,140000001
527;556;41;1;26.800,00;0;TRUE;0,00;26.800,00;0,140000001
528;557;32;1;13.000,00;0;TRUE;0,00;13.000,00;0,140000001
529;558;32;1;13.000,00;0;TRUE;0,00;13.000,00;0,140000001
530;560;61;1;35.200,00;0;TRUE;3.600,00;35.200,00;0,140000001
531;561;41;1;26.380,00;0;TRUE;0,00;26.380,00;0,140000001
532;562;41;1;0,00;0;TRUE;2.900,00;0,00;0,140000001
533;563;41;1;0,00;0;TRUE;2.900,00;0,00;0,140000001
534;565;35;1;8.000,00;0;TRUE;0,00;8.000,00;0,140000001
535;566;35;1;8.000,00;0;TRUE;0,00;8.000,00;0,140000001
536;567;35;1;8.000,00;0;TRUE;0,00;8.000,00;0,140000001
537;568;35;1;8.000,00;0;TRUE;0,00;8.000,00;0,140000001
538;569;41;1;32.860,00;0;TRUE;0,00;32.860,00;0,140000001
539;570;60;1;8.000,00;0;TRUE;0,00;8.000,00;0,140000001
540;571;60;1;8.000,00;0;TRUE;0,00;8.000,00;0,140000001
541;572;60;1;8.000,00;0;TRUE;0,00;8.000,00;0,140000001
542;573;41;1;32.860,00;0;TRUE;0,00;32.860,00;0,140000001
543;574;21;1;11.000,00;0;TRUE;0,00;11.000,00;0,140000001
544;575;41;1;30.740,00;0;TRUE;0,00;30.740,00;0,140000001
545;576;21;1;12.000,00;0;TRUE;0,00;12.000,00;0,140000001
546;577;41;1;30.740,00;0;TRUE;0,00;30.740,00;0,140000001
547;578;21;1;12.000,00;0;TRUE;0,00;12.000,00;0,140000001
548;579;41;1;30.740,00;0;TRUE;0,00;30.740,00;0,140000001
549;580;35;1;12.000,00;0;TRUE;0,00;12.000,00;0,140000001
550;581;35;1;8.000,00;0;TRUE;0,00;8.000,00;0,140000001
551;582;41;1;30.740,00;0;TRUE;0,00;30.740,00;0,140000001
552;583;35;1;8.000,00;0;TRUE;0,00;8.000,00;0,140000001
553;584;35;1;8.000,00;0;TRUE;0,00;8.000,00;0,140000001
554;585;35;1;8.000,00;0;TRUE;0,00;8.000,00;0
555;586;35;1;8.000,00;0;TRUE;0,00;8.000,00;0,140000001
556;587;35;1;8.000,00;0;TRUE;0,00;8.000,00;0,140000001
557;588;2;1;6.000,00;0;TRUE;0,00;6.000,00;0,140000001
558;589;41;1;32.860,00;0;TRUE;0,00;32.860,00;0,140000001
559;590;60;1;8.000,00;0;TRUE;0,00;8.000,00;0,140000001
560;591;41;1;0,00;0;TRUE;2.600,00;0,00;0,140000001
561;592;60;1;8.000,00;0;TRUE;0,00;8.000,00;0,140000001
562;593;35;1;8.000,00;0;TRUE;0,00;8.000,00;0,140000001
563;594;41;1;0,00;0;TRUE;2.600,00;0,00;0,140000001
564;595;35;1;8.000,00;0;TRUE;0,00;8.000,00;0,140000001
565;596;60;1;8.000,00;0;TRUE;0,00;8.000,00;0,140000001
566;597;35;1;8.000,00;0;TRUE;0,00;8.000,00;0,140000001
567;598;41;1;30.740,00;0;TRUE;0,00;30.740,00;0,140000001
568;599;35;1;8.000,00;0;TRUE;0,00;8.000,00;0,140000001
569;600;41;1;0,00;0;TRUE;2.600,00;0,00;0,140000001
570;601;41;1;31.800,00;0;TRUE;0,00;31.800,00;0,140000001
571;602;35;1;8.000,00;0;TRUE;0,00;8.000,00;0,140000001
572;603;35;1;8.000,00;0;TRUE;0,00;8.000,00;0,140000001
573;604;60;1;8.000,00;0;TRUE;0,00;8.000,00;0,140000001
574;606;50;1;9.000,00;0;TRUE;0,00;9.000,00;0,140000001
575;607;41;1;31.800,00;0;TRUE;0,00;31.800,00;0,140000001
576;608;35;1;8.000,00;0;TRUE;0,00;8.000,00;0,140000001
578;611;48;1;8.000,00;0;TRUE;0,00;8.000,00;0,140000001
579;613;72;1;;0;TRUE;1.600,00;;0,140000001
580;614;73;1;0,00;0;TRUE;500,00;0,00;0,140000001
581;615;35;1;8.000,00;0;TRUE;0,00;8.000,00;0,140000001
582;616;41;1;31.800,00;0;TRUE;0,00;31.800,00;0,140000001
583;617;35;1;8.000,00;0;TRUE;0,00;8.000,00;0,140000001
584;618;73;1;8.000,00;0;TRUE;0,00;8.000,00;0,140000001
585;619;74;1;0,00;0;TRUE;3.300,00;0,00;0,140000001
586;620;35;1;8.000,00;0;TRUE;0,00;8.000,00;0,140000001
587;621;35;1;8.000,00;0;TRUE;0,00;8.000,00;0,140000001
588;622;35;1;8.000,00;0;TRUE;0,00;8.000,00;0,140000001
589;623;35;1;8.000,00;0;TRUE;0,00;8.000,00;0,140000001
590;624;60;1;8.000,00;0;TRUE;0,00;8.000,00;0,140000001
591;625;60;1;8.000,00;0;TRUE;0,00;8.000,00;0,140000001
592;627;35;1;8.000,00;0;TRUE;0,00;8.000,00;0,140000001
593;628;72;1;0,00;0;TRUE;1.600,00;0,00;0,140000001
594;629;73;1;8.000,00;0;TRUE;0,00;8.000,00;0,140000001
595;631;41;1;0,00;0;TRUE;2.800,00;0,00;0,140000001
596;632;41;1;0,00;0;TRUE;2.800,00;0,00;0,140000001
597;633;2;1;6.000,00;0;TRUE;0,00;6.000,00;0,140000001
598;634;41;1;30.740,00;0;TRUE;0,00;30.740,00;0,140000001
599;635;2;1;6.000,00;0;TRUE;0,00;6.000,00;0,140000001
600;636;60;1;8.000,00;0;TRUE;0,00;8.000,00;0,140000001
601;637;35;1;8.000,00;0;TRUE;0,00;8.000,00;0,140000001
602;638;41;1;30.740,00;0;TRUE;0,00;30.740,00;0,140000001
603;639;35;1;8.000,00;0;TRUE;0,00;8.000,00;0,140000001
604;640;35;1;8.000,00;0;TRUE;0,00;8.000,00;0,140000001
605;641;35;1;8.000,00;0;TRUE;0,00;8.000,00;0,140000001
606;642;41;1;30.740,00;0;TRUE;0,00;30.740,00;0,140000001
607;643;35;1;8.000,00;0;TRUE;0,00;8.000,00;0,140000001
608;644;41;1;0,00;0;TRUE;2.600,00;0,00;0,140000001
609;645;41;1;0,00;0;TRUE;2.600,00;0,00;0,140000001
610;647;41;1;0,00;0;TRUE;2.800,00;0,00;0,140000001
611;648;35;1;8.000,00;0;TRUE;0,00;8.000,00;0,140000001
612;649;35;1;8.000,00;0;TRUE;0,00;8.000,00;0,140000001
613;650;35;1;8.000,00;0;TRUE;0,00;8.000,00;0,140000001
614;651;35;1;8.000,00;0;TRUE;0,00;8.000,00;0,140000001
615;652;35;1;8.000,00;0;TRUE;0,00;8.000,00;0,140000001
616;653;35;1;8.000,00;0;TRUE;0,00;8.000,00;0,140000001
617;654;75;1;52.920,00;0;TRUE;490,00;52.920,00;0
618;655;41;1;0,00;0;TRUE;3.300,00;0,00;0,140000001
619;656;41;1;0,00;0;TRUE;3.300,00;0,00;0
620;657;35;1;8.000,00;0;TRUE;0,00;8.000,00;0,140000001
621;658;41;1;0,00;0;TRUE;2.700,00;0,00;0,140000001
622;659;41;1;0,00;0;TRUE;2.800,00;0,00;0,140000001
623;660;41;1;0,00;0;TRUE;2.800,00;0,00;0,140000001
624;661;75;1;0,00;0;TRUE;4.900,00;0,00;0,140000001
625;662;13;1;0,00;0;TRUE;2.900,00;0,00;0,140000001
626;663;35;1;8.000,00;0;TRUE;0,00;8.000,00;0,140000001
627;664;35;1;8.000,00;0;TRUE;0,00;8.000,00;0,140000001
628;665;35;1;8.000,00;0;TRUE;0,00;8.000,00;0,140000001
629;666;60;1;8.000,00;0;TRUE;0,00;8.000,00;0,140000001
630;667;35;1;8.000,00;0;TRUE;0,00;8.000,00;0,140000001
631;668;60;1;8.000,00;0;TRUE;0,00;8.000,00;0,140000001
632;669;60;1;8.000,00;0;TRUE;0,00;8.000,00;0,140000001
633;670;75;1;4.900,00;0;TRUE;5.000,00;4.900,00;0,140000001
634;671;13;1;0,00;0;TRUE;2.900,00;0,00;0,140000001
635;672;13;1;0,00;0;TRUE;2.900,00;0,00;0,140000001
636;673;3;1;8.000,00;0;TRUE;0,00;8.000,00;0,140000001
637;674;76;1;15.600,00;0;TRUE;0,00;15.600,00;0,140000001
638;675;60;1;8.000,00;0;TRUE;0,00;8.000,00;0,140000001
639;676;35;1;8.000,00;0;TRUE;0,00;8.000,00;0,140000001
640;677;41;1;0,00;0;TRUE;3.200,00;0,00;0,140000001
641;678;35;1;8.000,00;0;TRUE;0,00;8.000,00;0,140000001
642;679;35;1;8.000,00;0;TRUE;0,00;8.000,00;0,140000001
643;680;21;1;10.000,00;0;TRUE;0,00;10.000,00;0,140000001
644;681;21;1;10.000,00;0;TRUE;0,00;10.000,00;0,140000001
645;682;41;1;0,00;0;TRUE;2.800,00;0,00;0,140000001
646;683;35;1;8.000,00;0;TRUE;0,00;8.000,00;0,140000001
647;684;35;1;8.000,00;0;TRUE;0,00;8.000,00;0,140000001
648;685;41;1;0,00;0;TRUE;2.800,00;0,00;0,140000001
649;686;41;1;0,00;0;TRUE;2.800,00;0,00;0,140000001
650;687;75;1;4.900,00;0;TRUE;490,00;4.900,00;0,140000001
651;689;41;1;0,00;0;TRUE;2.800,00;0,00;0,140000001
652;690;35;1;8.000,00;0;TRUE;0,00;8.000,00;0,140000001
653;691;35;1;8.000,00;0;TRUE;0,00;8.000,00;0,140000001
654;692;35;1;8.000,00;0;TRUE;0,00;8.000,00;0,140000001
655;693;35;1;8.000,00;0;TRUE;0,00;8.000,00;0,140000001
656;694;35;1;8.000,00;0;TRUE;0,00;8.000,00;0,140000001
657;695;76;1;15.600,00;0;TRUE;0,00;15.600,00;0,140000001
658;696;41;1;0,00;0;TRUE;3.000,00;0,00;0,140000001
659;697;41;1;30.000,00;0;TRUE;2.800,00;30.000,00;0,140000001
660;698;41;1;30.000,00;0;TRUE;2.800,00;30.000,00;0,140000001
661;699;75;1;490,00;0;TRUE;5.000,00;490,00;0,140000001
662;700;35;1;8.000,00;0;TRUE;0,00;8.000,00;0,140000001
663;701;35;1;8.000,00;0;TRUE;0,00;8.000,00;0,140000001
664;702;35;1;8.000,00;0;TRUE;0,00;8.000,00;0,140000001
665;703;41;1;0,00;0;TRUE;2.800,00;0,00;0,140000001
666;705;41;1;0,00;0;TRUE;2.800,00;0,00;0,140000001
667;706;41;1;0,00;0;TRUE;2.800,00;0,00;0,140000001
668;707;76;1;15.600,00;0;TRUE;0,00;15.600,00;0,140000001
669;708;13;1;0,00;0;TRUE;2.600,00;0,00;0,140000001
670;709;41;1;0,00;0;TRUE;2.800,00;0,00;0,140000001
671;710;35;1;8.000,00;0;TRUE;0,00;8.000,00;0,140000001
672;711;35;1;8.000,00;0;TRUE;0,00;8.000,00;0,140000001
673;712;60;1;8.000,00;0;TRUE;0,00;8.000,00;0,140000001
674;713;60;1;8.000,00;0;TRUE;0,00;8.000,00;0,140000001
675;714;60;1;8.000,00;0;TRUE;0,00;8.000,00;0,140000001
676;717;75;1;4.800,00;0;TRUE;480,00;4.800,00;0,140000001
677;718;35;1;8.000,00;0;TRUE;0,00;8.000,00;0,140000001
678;719;13;1;0,00;0;TRUE;2.000,00;0,00;0
679;720;76;1;13.100,00;0;TRUE;0,00;13.100,00;0,140000001
680;721;76;1;15.100,00;0;TRUE;0,00;15.100,00;0,140000001
681;722;76;1;15.100,00;0;TRUE;0,00;15.100,00;0,140000001
682;723;35;1;8.000,00;0;TRUE;0,00;8.000,00;0,140000001
683;724;14;1;40.300,00;0;TRUE;3.800,00;40.300,00;0,140000001
684;725;41;1;0,00;0;TRUE;2.500,00;0,00;0
685;726;41;1;0,00;0;TRUE;2.500,00;0,00;0,140000001
686;728;21;1;8.000,00;0;TRUE;0,00;8.000,00;0,140000001
687;729;60;1;8.000,00;0;TRUE;0,00;8.000,00;0,140000001
688;730;60;1;8.000,00;0;TRUE;0,00;8.000,00;0,140000001
689;732;77;1;24.000,00;0;TRUE;0,00;24.000,00;0,140000001
690;733;35;1;8.000,00;0;TRUE;0,00;8.000,00;0,140000001
691;734;35;1;8.000,00;0;TRUE;0,00;8.000,00;0,140000001
692;735;35;1;8.000,00;0;TRUE;0,00;8.000,00;0,140000001
693;736;60;1;8.000,00;0;TRUE;0,00;8.000,00;0,140000001
694;737;35;1;8.000,00;0;TRUE;0,00;8.000,00;0,140000001
695;738;60;1;8.000,00;0;TRUE;0,00;8.000,00;0,140000001
696;739;60;1;8.000,00;0;TRUE;0,00;8.000,00;0,140000001
697;740;60;1;8.000,00;0;TRUE;0,00;8.000,00;0,140000001
698;741;60;1;8.000,00;0;TRUE;0,00;8.000,00;0,140000001
699;742;63;1;23.000,00;0;TRUE;0,00;23.000,00;0,140000001
700;745;5;1;23.000,00;0;TRUE;0,00;23.000,00;0,140000001
701;746;5;1;23.000,00;0;TRUE;0,00;23.000,00;0,140000001
702;747;5;1;23.000,00;0;TRUE;0,00;23.000,00;0,140000001
703;748;5;1;23.000,00;0;TRUE;0,00;23.000,00;0,140000001
704;749;35;1;8.000,00;0;TRUE;0,00;8.000,00;0,140000001
705;750;35;1;8.000,00;0;TRUE;0,00;8.000,00;0,140000001
706;751;35;1;8.000,00;0;TRUE;0,00;8.000,00;0,140000001
707;752;35;1;8.000,00;0;TRUE;0,00;8.000,00;0,140000001
708;753;35;1;8.000,00;0;TRUE;0,00;8.000,00;0,140000001
709;754;60;1;8.000,00;0;TRUE;0,00;8.000,00;0,140000001
710;755;35;1;8.000,00;0;TRUE;0,00;8.000,00;0,140000001
711;756;60;1;8.000,00;0;TRUE;0,00;8.000,00;0,140000001
712;757;41;1;0,00;0;TRUE;2.600,00;0,00;0,140000001
713;758;65;1;16.000,00;0;TRUE;0,00;16.000,00;0,140000001
714;759;75;1;3.800,00;0;TRUE;3.800,00;3.800,00;0,140000001
715;761;35;1;8.000,00;0;TRUE;0,00;8.000,00;0,140000001
716;762;13;1;0,00;0;TRUE;3.800,00;0,00;0
717;764;35;1;8.000,00;0;TRUE;0,00;8.000,00;0,140000001
718;765;35;1;8.000,00;0;TRUE;0,00;8.000,00;0,140000001
719;766;63;1;23.000,00;0;TRUE;0,00;23.000,00;0,140000001
720;768;60;1;8.000,00;0;TRUE;0,00;8.000,00;0,140000001
721;769;35;1;8.000,00;0;TRUE;0,00;8.000,00;0,140000001
722;770;35;1;8.000,00;0;TRUE;0,00;8.000,00;0,140000001
723;771;35;1;8.000,00;0;TRUE;0,00;8.000,00;0,140000001
724;772;35;1;8.000,00;0;TRUE;0,00;8.000,00;0,140000001
725;773;35;1;8.000,00;0;TRUE;0,00;8.000,00;0,140000001
726;774;35;1;8.000,00;0;TRUE;0,00;8.000,00;0,140000001
728;775;78;1;16.300,00;0;TRUE;0,00;16.300,00;0,140000001
729;776;78;1;16.300,00;0;TRUE;0,00;16.300,00;0,140000001
730;778;63;1;23.000,00;0;TRUE;0,00;23.000,00;0,140000001
731;779;79;1;16.000,00;0;TRUE;0,00;16.000,00;0
732;780;28;1;12.000,00;0;TRUE;0,00;12.000,00;0,140000001
733;781;80;1;20.000,00;0;TRUE;0,00;20.000,00;0,140000001
734;782;60;1;8.000,00;0;TRUE;0,00;8.000,00;0,140000001
735;783;60;1;8.000,00;0;TRUE;0,00;8.000,00;0,140000001
736;785;76;1;16.000,00;0;TRUE;0,00;16.000,00;0,140000001
737;786;76;1;16.000,00;0;TRUE;0,00;16.000,00;0,140000001
738;787;35;1;8.000,00;0;TRUE;0,00;8.000,00;0,140000001
739;788;35;1;8.000,00;0;TRUE;0,00;8.000,00;0,140000001
740;789;35;1;8.000,00;0;TRUE;0,00;8.000,00;0,140000001
741;790;78;1;16.300,00;0;TRUE;0,00;16.300,00;0,140000001
742;791;13;1;0,00;0;TRUE;3.800,00;0,00;0,140000001
743;792;75;1;4.800,00;0;TRUE;3.800,00;4.800,00;0,140000001
744;794;35;1;8.000,00;0;TRUE;0,00;8.000,00;0,140000001
745;795;35;1;8.000,00;0;TRUE;0,00;8.000,00;0,140000001
746;796;63;1;22.000,00;0;TRUE;2.100,00;22.000,00;0,140000001
747;710;35;1;0,00;0;TRUE;0,00;0,00;0,140000001
748;797;35;1;8.000,00;0;TRUE;0,00;8.000,00;0,140000001
749;798;73;1;8.000,00;0;TRUE;0,00;8.000,00;0,140000001
750;800;29;1;5.000,00;0;TRUE;0,00;5.000,00;0,140000001
751;801;60;1;8.000,00;0;TRUE;0,00;8.000,00;0,140000001
752;802;35;1;8.000,00;0;TRUE;0,00;8.000,00;0,140000001
753;803;60;1;8.000,00;0;TRUE;0,00;8.000,00;0,140000001
754;804;35;1;8.000,00;0;TRUE;0,00;8.000,00;0,140000001
755;805;60;1;8.000,00;0;TRUE;0,00;8.000,00;0,140000001
756;806;60;1;8.000,00;0;TRUE;0,00;8.000,00;0,140000001
757;807;60;1;8.000,00;0;TRUE;0,00;8.000,00;0,140000001
758;808;35;1;8.000,00;0;TRUE;0,00;8.000,00;0,140000001
759;809;35;1;8.000,00;0;TRUE;0,00;8.000,00;0,140000001
760;810;35;1;8.000,00;0;TRUE;0,00;8.000,00;0,140000001
761;811;35;1;8.000,00;0;TRUE;0,00;8.000,00;0,140000001
762;812;60;1;8.000,00;0;TRUE;0,00;8.000,00;0,140000001
763;813;35;1;8.000,00;0;TRUE;0,00;8.000,00;0,140000001
764;814;35;1;8.000,00;0;TRUE;0,00;8.000,00;0,140000001
765;815;35;1;8.000,00;0;TRUE;0,00;8.000,00;0,140000001
766;816;35;1;8.000,00;0;TRUE;0,00;8.000,00;0,140000001
767;817;35;1;8.000,00;0;TRUE;0,00;8.000,00;0,140000001
768;818;35;1;8.000,00;0;TRUE;0,00;8.000,00;0,140000001
769;819;35;1;8.000,00;0;TRUE;0,00;8.000,00;0,140000001
770;820;35;1;8.000,00;0;TRUE;0,00;8.000,00;0,140000001
771;821;35;1;8.000,00;0;TRUE;0,00;8.000,00;0,140000001
772;822;35;1;8.000,00;0;TRUE;0,00;8.000,00;0,140000001
773;823;35;1;8.000,00;0;TRUE;0,00;8.000,00;0,140000001
774;824;35;1;8.000,00;0;TRUE;0,00;8.000,00;0,140000001
775;825;35;1;8.000,00;0;TRUE;0,00;8.000,00;0,140000001
776;826;35;1;8.000,00;0;TRUE;0,00;8.000,00;0,140000001
777;827;76;1;32.000,00;0;TRUE;0,00;32.000,00;0,140000001
778;828;35;1;8.000,00;0;TRUE;0,00;8.000,00;0,140000001
779;829;52;1;15.000,00;0;TRUE;0,00;15.000,00;0,140000001
780;830;60;1;8.000,00;0;TRUE;0,00;8.000,00;0,140000001
781;831;35;1;8.000,00;0;TRUE;0,00;8.000,00;0,140000001
782;832;35;1;8.000,00;0;TRUE;0,00;8.000,00;0,140000001
783;833;35;1;8.000,00;0;TRUE;0,00;8.000,00;0,140000001
784;834;35;1;8.000,00;0;TRUE;0,00;8.000,00;0,140000001
785;835;35;1;8.000,00;0;TRUE;0,00;8.000,00;0,140000001
786;836;35;1;8.000,00;0;TRUE;0,00;8.000,00;0,140000001
787;838;41;1;25.000,00;0;TRUE;2.500,00;25.000,00;0,140000001
788;839;41;1;25.000,00;0;TRUE;2.500,00;25.000,00;0,140000001
789;840;65;1;17.000,00;0;TRUE;0,00;17.000,00;0,140000001
790;841;60;1;8.000,00;0;TRUE;0,00;8.000,00;0,140000001
791;842;60;1;8.000,00;0;TRUE;0,00;8.000,00;0,140000001
792;843;60;1;8.000,00;0;TRUE;0,00;8.000,00;0,140000001
793;844;35;1;8.000,00;0;TRUE;0,00;8.000,00;0,140000001
794;845;60;1;8.000,00;0;TRUE;0,00;8.000,00;0,140000001
795;846;35;1;8.000,00;0;TRUE;0,00;8.000,00;0,140000001
796;847;35;1;8.000,00;0;TRUE;0,00;8.000,00;0,140000001
797;848;35;1;8.000,00;0;TRUE;0,00;8.000,00;0,140000001
798;849;65;1;17.000,00;0;TRUE;0,00;17.000,00;0,140000001
799;850;82;1;19.000,00;0;TRUE;0,00;19.000,00;0,140000001
800;852;35;1;8.000,00;0;TRUE;0,00;8.000,00;0,140000001
801;853;35;1;8.000,00;0;TRUE;0,00;8.000,00;0,140000001
802;854;35;1;8.000,00;0;TRUE;0,00;8.000,00;0,140000001
803;855;35;1;8.000,00;0;TRUE;0,00;8.000,00;0,140000001
804;856;35;1;8.000,00;0;TRUE;0,00;8.000,00;0,140000001
805;857;35;1;8.000,00;0;TRUE;0,00;8.000,00;0,140000001
806;858;83;1;16.000,00;0;TRUE;0,00;16.000,00;0,140000001
807;859;65;1;16.000,00;0;TRUE;0,00;16.000,00;0,140000001
808;862;13;1;0,00;0;TRUE;3.500,00;0,00;0,140000001
809;863;41;1;0,00;0;TRUE;2.300,00;0,00;0,140000001
810;864;78;1;16.000,00;0;TRUE;0,00;16.000,00;0,140000001
811;865;78;1;16.000,00;0;TRUE;0,00;16.000,00;0,140000001
812;866;78;1;16.000,00;0;TRUE;0,00;16.000,00;0,140000001
813;763;60;1;8.000,00;0;TRUE;0,00;8.000,00;0,140000001
814;868;35;1;8.000,00;0;TRUE;0,00;8.000,00;0,140000001
815;869;35;1;8.000,00;0;TRUE;0,00;8.000,00;0,140000001
816;870;60;1;8.000,00;0;TRUE;0,00;8.000,00;0,140000001
817;871;67;1;21.000,00;0;TRUE;0,00;21.000,00;0,140000001
818;872;78;1;16.000,00;0;TRUE;0,00;16.000,00;0,140000001
819;873;78;1;16.000,00;0;TRUE;0,00;16.000,00;0,140000001
820;874;85;1;25.000,00;0;TRUE;0,00;25.000,00;0,140000001
821;877;35;1;8.000,00;0;TRUE;0,00;8.000,00;0,140000001
822;878;15;1;36.000,00;0;TRUE;0,00;36.000,00;0,140000001
823;879;35;1;8.000,00;0;TRUE;0,00;8.000,00;0,140000001
824;880;35;1;8.000,00;0;TRUE;0,00;8.000,00;0,140000001
825;881;35;1;8.000,00;0;TRUE;0,00;8.000,00;0,140000001
826;882;35;1;8.000,00;0;TRUE;0,00;8.000,00;0,140000001
827;883;35;1;8.000,00;0;TRUE;0,00;8.000,00;0,140000001
828;884;35;1;8.000,00;0;TRUE;0,00;8.000,00;0,140000001
829;885;87;1;17.400,00;0;TRUE;0,00;17.400,00;0,140000001
830;886;35;1;8.000,00;0;TRUE;0,00;8.000,00;0,140000001
831;887;35;1;8.000,00;0;TRUE;0,00;8.000,00;0,140000001
832;888;35;1;8.000,00;0;TRUE;0,00;8.000,00;0,140000001
833;889;35;1;8.000,00;0;TRUE;0,00;8.000,00;0,140000001
834;890;82;1;19.000,00;0;TRUE;0,00;19.000,00;0,140000001
835;891;78;1;16.000,00;0;TRUE;0,00;16.000,00;0,140000001
836;892;35;1;8.000,00;0;TRUE;0,00;8.000,00;0,140000001
837;893;35;1;8.000,00;0;TRUE;0,00;8.000,00;0,140000001
838;894;41;1;0,00;0;TRUE;2.300,00;0,00;0,140000001
839;895;88;1;15.000,00;0;TRUE;0,00;15.000,00;0,140000001
840;896;3;1;15.500,00;0;TRUE;0,00;15.500,00;0,140000001
841;897;3;1;20.000,00;0;TRUE;0,00;20.000,00;0,140000001
842;898;89;1;8.000,00;0;TRUE;0,00;8.000,00;0,140000001
843;899;78;1;16.000,00;0;TRUE;0,00;16.000,00;0,140000001
844;902;88;1;7.500,00;0;TRUE;0,00;7.500,00;0,140000001
845;903;90;1;17.000,00;0;TRUE;0,00;17.000,00;0,140000001
846;904;65;1;15.400,00;0;TRUE;0,00;15.400,00;0,140000001
847;905;78;1;16.000,00;0;TRUE;0,00;16.000,00;0,140000001
848;906;41;1;30.000,00;0;TRUE;2.800,00;30.000,00;0,140000001
849;907;41;1;0,00;0;TRUE;2.700,00;0,00;0,140000001
850;909;96;1;0,00;0;TRUE;400,00;0,00;0,140000001
851;914;50;1;15.400,00;0;TRUE;0,00;15.400,00;0,140000001
852;915;67;1;15.000,00;0;TRUE;0,00;15.000,00;0,140000001
853;916;41;1;30.000,00;0;TRUE;0,00;30.000,00;0,140000001
854;917;41;1;30.000,00;0;TRUE;0,00;30.000,00;0,140000001
855;918;60;1;8.000,00;0;TRUE;0,00;8.000,00;0,140000001
856;919;60;1;8.000,00;0;TRUE;0,00;8.000,00;0,140000001
857;920;35;1;8.000,00;0;TRUE;0,00;8.000,00;0,140000001
858;921;41;1;0,00;0;TRUE;2.700,00;0,00;0
859;922;41;1;0,00;0;TRUE;2.500,00;0,00;0,140000001
860;923;35;1;8.000,00;0;TRUE;0,00;8.000,00;0,140000001
861;924;35;1;8.000,00;0;TRUE;0,00;8.000,00;0,140000001
862;925;21;1;11.000,00;0;TRUE;0,00;11.000,00;0,140000001
863;926;89;1;42.000,00;0;TRUE;0,00;42.000,00;0,140000001
864;927;91;1;25.000,00;0;TRUE;0,00;25.000,00;0,140000001
865;928;35;1;8.000,00;0;TRUE;0,00;8.000,00;0,140000001
866;929;35;1;8.000,00;0;TRUE;0,00;8.000,00;0,140000001
867;930;41;1;0,00;0;TRUE;2.600,00;0,00;0
868;931;92;1;8.000,00;0;TRUE;0,00;8.000,00;0,140000001
869;932;93;1;17.000,00;0;TRUE;0,00;17.000,00;0,140000001
870;933;29;1;5.000,00;0;TRUE;0,00;5.000,00;0,140000001
871;934;35;1;8.000,00;0;TRUE;0,00;8.000,00;0,140000001
872;935;35;1;8.000,00;0;TRUE;0,00;8.000,00;0,140000001
873;936;35;1;8.000,00;0;TRUE;0,00;8.000,00;0,140000001
874;937;35;1;8.000,00;0;TRUE;0,00;8.000,00;0,140000001
875;938;35;1;8.000,00;0;TRUE;0,00;8.000,00;0,140000001
876;939;35;1;8.000,00;0;TRUE;0,00;8.000,00;0,140000001
877;940;41;1;30.000,00;0;TRUE;0,00;30.000,00;0,140000001
878;941;41;1;28.000,00;0;TRUE;0,00;28.000,00;0,140000001
879;942;41;1;28.000,00;0;TRUE;0,00;28.000,00;0,140000001
880;943;41;1;0,00;0;TRUE;2.650,00;0,00;0
881;944;35;1;8.000,00;0;TRUE;0,00;8.000,00;0,140000001
882;945;41;1;30.000,00;0;TRUE;0,00;30.000,00;0,140000001
883;946;41;1;28.000,00;0;TRUE;0,00;28.000,00;0,140000001
884;947;35;1;8.000,00;0;TRUE;0,00;8.000,00;0,140000001
885;948;41;1;30.000,00;0;TRUE;0,00;30.000,00;0,140000001
886;949;41;1;30.000,00;0;TRUE;2.800,00;30.000,00;0,140000001
887;950;41;1;30.000,00;0;TRUE;2.800,00;30.000,00;0,140000001
888;951;33;1;0,00;0;TRUE;2.700,00;0,00;0,140000001
889;952;33;1;0,00;0;TRUE;2.700,00;0,00;0,140000001
890;953;41;1;0,00;0;TRUE;2.700,00;0,00;0,140000001
891;954;41;1;30.000,00;0;TRUE;0,00;30.000,00;0,140000001
892;955;41;1;30.000,00;0;TRUE;0,00;30.000,00;0,140000001
893;956;41;1;30.000,00;0;TRUE;2.800,00;30.000,00;0,140000001
894;957;94;1;0,00;0;TRUE;3.500,00;0,00;0,140000001
895;958;94;1;0,00;0;TRUE;3.500,00;0,00;0,140000001
896;959;60;1;8.000,00;0;TRUE;0,00;8.000,00;0,140000001
897;960;92;1;8.000,00;0;TRUE;0,00;8.000,00;0,140000001
898;961;60;1;8.000,00;0;TRUE;0,00;8.000,00;0,140000001
899;962;60;1;8.000,00;0;TRUE;0,00;8.000,00;0,140000001
900;963;95;1;42.000,00;0;TRUE;0,00;42.000,00;0,140000001
901;964;41;1;0,00;0;TRUE;2.700,00;0,00;0,140000001
902;965;35;1;8.000,00;0;TRUE;0,00;8.000,00;0,140000001
903;966;35;1;8.000,00;0;TRUE;0,00;8.000,00;0,140000001
904;967;35;1;8.000,00;0;TRUE;0,00;8.000,00;0,140000001
905;968;41;1;0,00;0;TRUE;2.700,00;0,00;0,140000001
906;969;41;1;30.000,00;0;TRUE;0,00;30.000,00;0,140000001
907;970;41;1;30.000,00;0;TRUE;2.800,00;30.000,00;0,140000001
908;971;41;1;30.000,00;0;TRUE;2.800,00;30.000,00;0,140000001
909;972;41;1;30.000,00;0;TRUE;0,00;30.000,00;0,140000001
910;973;17;1;14.000,00;0;TRUE;0,00;14.000,00;0,140000001
911;974;35;1;8.000,00;0;TRUE;0,00;8.000,00;0,140000001
912;975;35;1;8.000,00;0;TRUE;0,00;8.000,00;0,140000001
913;976;35;1;8.000,00;0;TRUE;0,00;8.000,00;0,140000001
914;977;28;1;14.000,00;0;TRUE;0,00;14.000,00;0,140000001
915;978;3;1;10.000,00;0;TRUE;0,00;10.000,00;0,140000001
916;979;41;1;30.000,00;0;TRUE;0,00;30.000,00;0,140000001
917;980;41;1;30.000,00;0;TRUE;0,00;30.000,00;0,140000001
918;981;41;1;30.000,00;0;TRUE;0,00;30.000,00;0,140000001
919;986;60;1;8.000,00;0;TRUE;0,00;8.000,00;0,140000001
920;985;60;1;8.000,00;0;TRUE;0,00;8.000,00;0,140000001
921;984;60;1;8.000,00;0;TRUE;0,00;8.000,00;0,140000001
922;990;41;1;30.000,00;0;TRUE;0,00;30.000,00;0,140000001
923;991;41;1;;0;TRUE;2.650,00;;0,140000001
924;992;89;1;44.280,00;0;TRUE;0,00;44.280,00;0,140000001
925;993;41;1;30.000,00;0;TRUE;0,00;30.000,00;0,140000001
926;994;41;1;30.000,00;0;TRUE;0,00;30.000,00;0,140000001
927;995;60;1;8.000,00;0;TRUE;0,00;8.000,00;0,140000001
928;996;60;1;8.000,00;0;TRUE;0,00;8.000,00;0,140000001
929;997;41;1;0,00;0;TRUE;2.650,00;0,00;0,140000001
930;998;91;1;25.000,00;0;TRUE;0,00;25.000,00;0,140000001
931;999;35;1;8.000,00;0;TRUE;0,00;8.000,00;0,140000001
932;1000;60;1;8.000,00;0;TRUE;0,00;8.000,00;0,140000001
933;1001;35;1;8.000,00;0;TRUE;2.500,00;8.000,00;0,140000001
934;1002;41;1;30.000,00;0;TRUE;0,00;30.000,00;0,140000001
935;1003;41;1;30.000,00;0;TRUE;0,00;30.000,00;0,140000001
936;1004;60;1;8.000,00;0;TRUE;0,00;8.000,00;0,140000001
937;1005;35;1;8.000,00;0;TRUE;0,00;8.000,00;0,140000001
938;1006;35;1;8.000,00;0;TRUE;0,00;8.000,00;0,140000001
939;1007;35;1;8.000,00;0;TRUE;0,00;8.000,00;0,140000001
940;1008;41;1;0,00;0;TRUE;2.820,00;0,00;0,140000001
941;1009;60;1;8.000,00;0;TRUE;0,00;8.000,00;0,140000001
942;1010;41;1;28.000,00;0;TRUE;0,00;28.000,00;0,140000001
943;1011;97;1;9.500,00;0;TRUE;0,00;8.333,33;0,140000001
944;1012;97;1;9.500,00;0;TRUE;0,00;8.333,33;0,140000001
945;1013;35;1;8.000,00;0;TRUE;0,00;8.000,00;0,140000001
946;1014;65;1;12.000,00;0;TRUE;0,00;10.526,32;0,140000001
947;1015;41;1;30.000,00;0;TRUE;0,00;26.315,79;0,140000001
948;1016;97;1;9.500,00;0;TRUE;0,00;8.333,33;0,140000001
949;1017;35;1;8.000,00;0;TRUE;0,00;8.000,00;0,140000001
950;1018;60;1;8.000,00;0;TRUE;0,00;8.000,00;0,140000001
951;1019;35;1;8.000,00;0;TRUE;0,00;8.000,00;0,140000001
952;1020;97;1;9.500,00;0;TRUE;0,00;8.333,33;0,140000001
954;1021;97;1;9.500,00;0;TRUE;0,00;8.333,33;0,140000001
955;1022;97;1;9.500,00;0;TRUE;0,00;8.333,33;0,140000001
956;1023;97;1;9.500,00;0;TRUE;0,00;8.333,33;0,140000001
957;1024;97;1;9.500,00;0;TRUE;0,00;8.333,33;0,140000001
958;1025;41;1;30.000,00;0;TRUE;0,00;30.000,00;0,140000001
959;1026;28;1;7.000,00;0;TRUE;0,00;7.000,00;0,140000001
960;1027;35;1;8.000,00;0;TRUE;0,00;8.000,00;0,140000001
961;1028;35;1;8.000,00;0;TRUE;0,00;8.000,00;0,140000001
962;1029;99;1;41.000,00;0;TRUE;0,00;41.000,00;0,140000001
963;1030;89;1;20.000,00;0;TRUE;0,00;20.000,00;0,140000001
964;1031;41;1;0,00;0;TRUE;2.650,00;0,00;0
965;1032;11;1;28.000,00;0;TRUE;0,00;28.000,00;0,140000001
966;1033;35;1;8.000,00;0;TRUE;0,00;8.000,00;0,140000001
967;1034;41;1;28.000,00;0;TRUE;0,00;28.000,00;0,140000001
968;1035;100;1;11.400,00;0;TRUE;0,00;10.000,00;0,140000001
969;1036;97;1;9.500,00;0;TRUE;0,00;8.333,33;0,140000001
970;1037;100;1;11.400,00;0;TRUE;0,00;10.000,00;0,140000001
971;1038;97;1;9.500,00;0;TRUE;0,00;8.333,33;0,140000001
972;1039;97;1;9.500,00;0;TRUE;0,00;8.333,33;0,140000001
973;1040;97;1;9.500,00;0;TRUE;0,00;8.333,33;0,140000001
974;1041;97;1;9.500,00;0;TRUE;0,00;8.333,33;0,140000001
975;1042;97;1;9.500,00;0;TRUE;0,00;8.333,33;0,140000001
976;1043;100;1;11.400,00;0;TRUE;0,00;10.000,00;0,140000001
977;1044;97;1;9.500,00;0;TRUE;0,00;8.333,33;0,140000001
978;1045;41;1;28.000,00;0;TRUE;0,00;28.000,00;0,140000001
979;1046;35;1;8.000,00;0;TRUE;0,00;8.000,00;0,140000001
980;1047;35;1;8.000,00;0;TRUE;0,00;8.000,00;0,140000001
981;1048;41;1;28.000,00;0;TRUE;0,00;28.000,00;0,140000001
982;1049;41;1;28.000,00;0;TRUE;0,00;28.000,00;0,140000001
983;1050;35;1;8.000,00;0;TRUE;0,00;8.000,00;0,140000001
984;1051;100;1;11.400,00;0;TRUE;0,00;10.000,00;0,140000001
985;1052;97;1;9.500,00;0;TRUE;0,00;8.333,33;0,140000001
986;1053;100;1;11.400,00;0;TRUE;0,00;10.000,00;0,140000001
987;1054;97;1;9.500,00;0;TRUE;0,00;8.333,33;0,140000001
988;1055;97;1;9.500,00;0;TRUE;0,00;8.333,33;0,140000001
989;1056;97;1;9.500,00;0;TRUE;0,00;8.333,33;0,140000001
990;1057;97;1;9.500,00;0;TRUE;0,00;8.333,33;0,140000001
991;1058;97;1;9.500,00;0;TRUE;0,00;8.333,33;0,140000001
992;1059;97;1;9.500,00;0;TRUE;0,00;8.333,33;0,140000001
993;1060;97;1;9.500,00;0;TRUE;0,00;8.333,33;0,140000001
994;1061;97;1;9.500,00;0;TRUE;0,00;8.333,33;0,140000001
995;1062;97;1;9.500,00;0;TRUE;0,00;8.333,33;0,140000001
996;1063;97;1;11.970,00;0;TRUE;0,00;10.500,00;0,140000001
997;1064;35;1;8.000,00;0;TRUE;0,00;8.000,00;0,140000001
998;1065;60;1;8.000,00;0;TRUE;0,00;8.000,00;0,140000001
999;1066;17;1;14.000,00;0;TRUE;0,00;14.000,00;0,140000001
1000;1067;17;1;14.000,00;0;TRUE;0,00;14.000,00;0,140000001
1001;1068;41;1;28.000,00;0;TRUE;0,00;28.000,00;0,140000001
1002;1069;41;1;28.000,00;0;TRUE;0,00;28.000,00;0,140000001
1003;1070;35;1;8.000,00;0;TRUE;0,00;8.000,00;0,140000001
1004;1071;100;1;11.970,00;0;TRUE;0,00;10.500,00;0,140000001
1005;1072;35;1;8.000,00;0;TRUE;0,00;8.000,00;0,140000001
1006;1073;92;1;8.000,00;0;TRUE;0,00;8.000,00;0,140000001
1007;1074;28;1;14.000,00;0;TRUE;0,00;14.000,00;0,140000001
1008;1075;101;1;8.000,00;0;TRUE;0,00;8.000,00;0,140000001
1009;1076;41;1;28.000,00;0;TRUE;0,00;28.000,00;0,140000001
1010;1077;41;1;28.000,00;0;TRUE;0,00;28.000,00;0,140000001
1011;1078;41;1;28.000,00;0;TRUE;0,00;28.000,00;0,140000001
1012;1079;11;1;14.000,00;0;TRUE;0,00;14.000,00;0,140000001
1013;1080;41;1;;0;TRUE;2.500,00;;0,140000001
1014;1081;35;1;8.000,00;0;TRUE;0,00;8.000,00;0,140000001
1015;1082;35;1;8.000,00;0;TRUE;0,00;8.000,00;0,140000001
1016;1083;35;1;8.000,00;0;TRUE;0,00;8.000,00;0,140000001
1017;1084;35;1;5.000,00;0;TRUE;0,00;5.000,00;0,140000001
1018;1085;29;1;3.000,00;0;TRUE;0,00;3.000,00;0,140000001
1019;1086;41;1;28.000,00;0;TRUE;0,00;28.000,00;0,140000001
1020;1087;41;1;28.000,00;0;TRUE;0,00;28.000,00;0,140000001
1021;1088;41;1;28.000,00;0;TRUE;0,00;28.000,00;0,140000001
1022;1089;100;1;11.970,00;0;TRUE;0,00;11.970,00;0,140000001
1023;1090;97;1;9.500,00;0;TRUE;0,00;9.500,00;0,140000001
1024;1091;97;1;9.500,00;0;TRUE;0,00;9.500,00;0,140000001
1025;1092;100;1;11.970,00;0;TRUE;0,00;11.970,00;0,140000001
1026;1093;78;1;12.500,00;0;TRUE;0,00;12.500,00;0,140000001
1027;1094;99;1;41.000,00;0;TRUE;0,00;41.000,00;0,140000001
1028;1095;99;1;41.000,00;0;TRUE;0,00;41.000,00;0,140000001
1029;1096;97;1;9.500,00;0;TRUE;0,00;8.333,33;0,140000001
1030;1097;97;1;9.500,00;0;TRUE;0,00;8.333,33;0,140000001
1031;1098;97;1;9.500,00;0;TRUE;0,00;8.333,33;0,140000001
1032;1099;97;1;9.500,00;0;TRUE;0,00;8.333,33;0,140000001
1033;1100;100;1;11.970,00;0;TRUE;0,00;10.500,00;0,140000001
1034;1101;35;1;8.000,00;0;TRUE;0,00;8.000,00;0,140000001
1035;1102;4;1;12.000,00;0;TRUE;0,00;12.000,00;0,140000001
1036;1103;41;1;28.000,00;0;TRUE;0,00;28.000,00;0,140000001
1037;1104;97;1;9.500,00;0;TRUE;0,00;8.333,33;0,140000001
1038;1105;97;1;9.500,00;0;TRUE;0,00;8.333,33;0,140000001
1039;1106;97;1;9.500,00;0;TRUE;0,00;8.333,33;0,140000001
1040;1107;97;1;9.500,00;0;TRUE;0,00;8.333,33;0,140000001
1041;1108;97;1;9.500,00;0;TRUE;0,00;8.333,33;0,140000001
1042;1109;100;1;11.970,00;0;TRUE;0,00;10.500,00;0,140000001
1043;1110;100;1;11.970,00;0;TRUE;0,00;10.500,00;0,140000001
1044;1111;35;1;8.000,00;0;TRUE;0,00;8.000,00;0,140000001
1045;1112;41;1;28.000,00;0;TRUE;0,00;28.000,00;0,140000001
1046;1114;41;1;28.000,00;0;TRUE;0,00;28.000,00;0,140000001
1047;1115;41;1;28.000,00;0;TRUE;0,00;28.000,00;0,140000001
1048;1116;97;1;9.500,00;0;TRUE;0,00;8.333,33;0,140000001
1049;1117;21;1;8.000,00;0;TRUE;0,00;8.000,00;0,140000001
1050;1118;21;1;8.000,00;0;TRUE;0,00;8.000,00;0,140000001
1051;1119;65;1;13.000,00;0;TRUE;0,00;13.000,00;0
1052;1120;35;1;8.000,00;0;TRUE;0,00;8.000,00;0,140000001
1053;1121;35;1;8.000,00;0;TRUE;0,00;8.000,00;0,140000001
1054;1123;41;1;28.000,00;0;TRUE;0,00;28.000,00;0,140000001
1055;1124;41;1;28.000,00;0;TRUE;0,00;28.000,00;0,140000001
1056;1125;103;1;20.000,00;0;TRUE;0,00;20.000,00;0,140000001
1057;1126;103;1;20.000,00;0;TRUE;0,00;20.000,00;0,140000001
1058;1127;35;1;8.000,00;0;TRUE;0,00;8.000,00;0,140000001
1059;1128;35;1;8.000,00;0;TRUE;0,00;8.000,00;0,140000001
1060;1129;35;1;8.000,00;0;TRUE;0,00;8.000,00;0,140000001
1061;1130;35;1;8.000,00;0;TRUE;0,00;8.000,00;0,140000001
1062;1131;11;1;30.000,00;0;TRUE;0,00;30.000,00;0,140000001
1063;1132;97;1;9.500,00;0;TRUE;0,00;8.333,33;0,140000001
1064;1133;97;1;9.500,00;0;TRUE;0,00;8.333,33;0,140000001
1065;1134;97;1;9.500,00;0;TRUE;0,00;8.333,33;0,140000001
1066;1135;97;1;9.500,00;0;TRUE;0,00;8.333,33;0,140000001
1067;1136;97;1;9.500,00;0;TRUE;0,00;8.333,33;0,140000001
1068;1137;97;1;9.500,00;0;TRUE;0,00;8.333,33;0,140000001
1069;1138;97;1;9.500,00;0;TRUE;0,00;8.333,33;0,140000001
1070;1139;97;1;9.500,00;0;TRUE;0,00;8.333,33;0,140000001
1071;1140;103;1;20.000,00;0;TRUE;0,00;20.000,00;0,140000001
1072;1141;28;1;8.000,00;0;TRUE;0,00;8.000,00;0,140000001
1073;1142;41;1;28.000,00;0;TRUE;0,00;28.000,00;0,140000001
1074;1143;41;1;28.000,00;0;TRUE;0,00;28.000,00;0,140000001
1075;1144;35;1;8.000,00;0;TRUE;0,00;8.000,00;0,140000001
1076;1145;41;1;28.000,00;0;TRUE;0,00;28.000,00;0,140000001
1077;1146;35;1;8.000,00;0;TRUE;0,00;8.000,00;0,140000001
1078;1147;104;1;25.000,00;0;TRUE;0,00;25.000,00;0,140000001
1079;1148;104;1;25.000,00;0;TRUE;0,00;25.000,00;0,140000001
1080;1149;103;1;20.000,00;0;TRUE;0,00;20.000,00;0,140000001
1081;1150;2;1;8.000,00;0;TRUE;0,00;8.000,00;0,140000001
1082;1151;35;1;8.000,00;0;TRUE;0,00;8.000,00;0,140000001
1083;1152;103;1;20.000,00;0;TRUE;0,00;20.000,00;0,140000001
1084;1153;97;1;9.500,00;0;TRUE;0,00;8.333,33;0,140000001
1085;1154;97;1;9.500,00;0;TRUE;0,00;8.333,33;0,140000001
1086;1155;97;1;9.500,00;0;TRUE;0,00;8.333,33;0,140000001
1087;1156;97;1;9.500,00;0;TRUE;0,00;8.333,33;0,140000001
1088;1157;97;1;9.500,00;0;TRUE;0,00;8.333,33;0,140000001
1089;1158;97;1;9.500,00;0;TRUE;0,00;8.333,33;0,140000001
1090;1159;97;1;9.500,00;0;TRUE;0,00;8.333,33;0,140000001
1091;1160;97;1;9.500,00;0;TRUE;0,00;8.333,33;0,140000001
1092;1161;35;1;8.000,00;0;TRUE;0,00;8.000,00;0,140000001
1093;1162;103;1;20.000,00;0;TRUE;0,00;20.000,00;0,140000001
1094;1163;41;1;28.000,00;0;TRUE;0,00;28.000,00;0,140000001
1095;1164;97;1;9.500,00;0;TRUE;0,00;8.333,33;0,140000001
1096;1165;97;1;9.500,00;0;TRUE;0,00;8.333,33;0,140000001
1097;1166;21;1;11.000,00;0;TRUE;0,00;11.000,00;0,140000001
1098;1167;21;1;11.000,00;0;TRUE;0,00;11.000,00;0,140000001
1099;1168;41;1;28.000,00;0;TRUE;0,00;28.000,00;0,140000001
1100;1169;2;1;8.000,00;0;TRUE;0,00;8.000,00;0,140000001
1101;1170;41;1;0,00;0;TRUE;2.600,00;0,00;0,140000001
1102;1171;41;1;0,00;0;TRUE;2.650,00;0,00;0
1103;1172;106;1;41.000,00;0;TRUE;3.900,00;41.000,00;0,140000001
1104;1173;106;1;41.000,00;0;TRUE;0,00;41.000,00;0,140000001
1105;1174;106;1;41.000,00;0;TRUE;0,00;41.000,00;0,140000001
1106;1175;3;1;8.000,00;0;TRUE;0,00;8.000,00;0,140000001
1107;1176;41;1;28.000,00;0;TRUE;0,00;28.000,00;0,140000001
1108;1177;65;1;8.000,00;0;TRUE;0,00;8.000,00;0
1109;1178;41;1;;0;TRUE;2.650,00;;0,140000001
1110;1179;17;1;14.000,00;0;TRUE;0,00;14.000,00;0,140000001
1111;1180;107;1;0,00;0;TRUE;2.100,00;0,00;0,140000001
1112;1181;65;1;8.000,00;0;TRUE;0,00;8.000,00;0
1113;1182;17;1;14.000,00;0;TRUE;0,00;14.000,00;0,140000001
1114;1183;17;1;14.000,00;0;TRUE;0,00;14.000,00;0,140000001
1115;1184;2;1;8.000,00;0;TRUE;0,00;8.000,00;0,140000001
1116;1185;41;1;28.000,00;0;TRUE;0,00;28.000,00;0,140000001
1117;1186;41;1;28.000,00;0;TRUE;0,00;28.000,00;0,140000001
1118;1187;41;1;28.000,00;0;TRUE;0,00;28.000,00;0,140000001
1119;1188;97;1;9.500,00;0;TRUE;0,00;8.333,33;0,140000001
1120;1189;100;1;9.500,00;0;TRUE;0,00;8.333,33;0,140000001
1121;1190;108;1;8.000,00;0;TRUE;0,00;8.000,00;0,140000001
1122;1191;108;1;8.000,00;0;TRUE;0,00;8.000,00;0,140000001
1123;1192;41;1;0,00;0;TRUE;490,00;0,00;0,140000001
1124;1193;41;1;0,00;0;TRUE;490,00;0,00;0,140000001
1125;1194;29;1;8.000,00;0;TRUE;0,00;8.000,00;0,140000001
1126;1195;97;1;9.500,00;0;TRUE;0,00;8.333,33;0,140000001
1127;1196;109;1;26.000,00;0;TRUE;0,00;26.000,00;0,140000001
1128;1197;35;1;8.000,00;0;TRUE;0,00;8.000,00;0,140000001
1129;1198;35;1;8.000,00;0;TRUE;0,00;8.000,00;0,140000001
1130;1199;35;1;8.000,00;0;TRUE;0,00;8.000,00;0,140000001
1131;1200;41;1;28.000,00;0;TRUE;0,00;28.000,00;0,140000001
1132;1201;41;1;28.000,00;0;TRUE;0,00;28.000,00;0,140000001
1133;1202;106;1;41.000,00;0;TRUE;0,00;41.000,00;0
1134;1196;110;1;3.000,00;0;TRUE;0,00;3.000,00;0,140000001
1135;1203;17;1;14.000,00;0;TRUE;0,00;14.000,00;0,140000001
1136;1204;41;1;28.000,00;0;TRUE;0,00;28.000,00;0,140000001
1137;1205;41;1;28.000,00;0;TRUE;0,00;28.000,00;0,140000001
1138;1206;41;1;28.000,00;0;TRUE;0,00;28.000,00;0,140000001
1139;1207;35;1;8.000,00;0;TRUE;0,00;8.000,00;0,140000001
1140;1208;35;1;8.000,00;0;TRUE;0,00;8.000,00;0,140000001
1141;1209;17;1;14.000,00;0;TRUE;0,00;14.000,00;0,140000001
1142;1210;111;1;31.000,00;0;TRUE;0,00;31.000,00;0,140000001
1143;1211;112;1;16.000,00;0;TRUE;1.500,00;16.000,00;0,140000001
1144;1212;73;1;9.000,00;0;TRUE;0,00;9.000,00;0,140000001
1145;1213;41;1;0,00;0;TRUE;2.400,00;0,00;0,140000001
1146;1214;113;1;14.000,00;0;TRUE;0,00;14.000,00;0,140000001
1147;1215;41;1;0,00;0;TRUE;2.300,00;0,00;0,140000001
1148;1216;41;1;0,00;0;TRUE;2.300,00;0,00;0,140000001
1149;1217;114;1;23.000,00;0;TRUE;0,00;23.000,00;0,140000001
1150;1218;41;1;0,00;0;TRUE;2.400,00;0,00;0,140000001
1151;1219;41;1;0,00;0;TRUE;2.400,00;0,00;0,140000001
1152;1220;35;1;8.000,00;0;TRUE;0,00;8.000,00;0,140000001
1153;1221;35;1;8.000,00;0;TRUE;0,00;8.000,00;0,140000001
1154;1222;35;1;8.000,00;0;TRUE;0,00;8.000,00;0,140000001
1155;1223;35;1;8.000,00;0;TRUE;0,00;8.000,00;0,140000001
1156;1224;35;1;8.000,00;0;TRUE;0,00;8.000,00;0,140000001
1157;1225;106;1;41.000,00;0;TRUE;0,00;41.000,00;0,140000001
1158;1226;35;1;8.000,00;0;TRUE;0,00;8.000,00;0,140000001
1159;1227;35;1;8.000,00;0;TRUE;0,00;8.000,00;0,140000001
1160;1228;41;1;0,00;0;TRUE;2.300,00;0,00;0,140000001
1161;1229;35;1;8.000,00;0;TRUE;0,00;8.000,00;0,140000001
1162;1230;41;1;0,00;0;TRUE;490,00;0,00;0,140000001
1163;1231;41;1;0,00;0;TRUE;2.400,00;0,00;0,140000001
1164;1232;116;1;26.500,00;0;TRUE;0,00;26.500,00;0,140000001
1165;1233;114;1;23.000,00;0;TRUE;0,00;23.000,00;0,140000001
1166;1234;35;1;8.000,00;0;TRUE;0,00;8.000,00;0,140000001
1167;1235;2;1;8.000,00;0;TRUE;0,00;8.000,00;0,140000001
1168;1236;41;1;28.000,00;0;TRUE;0,00;28.000,00;0,140000001
1169;1237;35;1;8.000,00;0;TRUE;0,00;8.000,00;0,140000001
1170;1238;117;1;17.000,00;0;TRUE;0,00;17.000,00;0,140000001
1171;1239;118;1;8.000,00;0;TRUE;0,00;8.000,00;0,140000001
1172;1240;108;1;8.000,00;0;TRUE;0,00;8.000,00;0,140000001
1173;1241;108;1;8.000,00;0;TRUE;0,00;8.000,00;0,140000001
1174;1242;41;1;28.000,00;0;TRUE;0,00;28.000,00;0,140000001
1175;1243;35;1;8.000,00;0;TRUE;0,00;8.000,00;0,140000001
1176;1244;75;1;0,00;0;TRUE;2.200,00;0,00;0,140000001
1178;1245;75;1;0,00;0;TRUE;4.200,00;0,00;0
1179;1246;35;1;8.000,00;0;TRUE;0,00;8.000,00;0,140000001
1180;1247;35;1;8.000,00;0;TRUE;0,00;8.000,00;0,140000001
1181;1248;41;1;0,00;0;TRUE;2.300,00;0,00;0,140000001
1182;1249;41;1;0,00;0;TRUE;2.300,00;0,00;0
1183;1250;41;1;28.000,00;0;TRUE;0,00;28.000,00;0,140000001
1184;1251;120;1;8.000,00;0;TRUE;0,00;8.000,00;0,140000001
1185;1252;11;1;4.900,00;0;TRUE;0,00;4.900,00;0,140000001
1186;1253;41;1;0,00;0;TRUE;490,00;0,00;0,140000001
1188;1254;122;1;15.000,00;0;TRUE;0,00;15.000,00;0,140000001
1189;1255;35;1;8.000,00;0;TRUE;0,00;8.000,00;0,140000001
1190;1256;35;1;8.000,00;0;TRUE;0,00;8.000,00;0,140000001
1191;1257;35;1;8.000,00;0;TRUE;0,00;8.000,00;0,140000001
1192;1258;123;1;0,00;0;TRUE;2.300,00;0,00;0,140000001
1193;1259;41;1;28.000,00;0;TRUE;0,00;28.000,00;0,140000001
1194;1260;106;1;41.000,00;0;TRUE;0,00;41.000,00;0,140000001
1195;1263;21;1;4.900,00;0;TRUE;0,00;4.900,00;0,140000001
1196;1264;35;1;8.000,00;0;TRUE;0,00;8.000,00;0,140000001
1197;1265;124;1;7.000,00;0;TRUE;0,00;7.000,00;0,140000001
1198;1266;41;1;0,00;0;TRUE;490,00;0,00;0,140000001
1199;1267;41;1;28.000,00;0;TRUE;0,00;28.000,00;0,140000001
1200;1268;35;1;8.000,00;0;TRUE;0,00;8.000,00;0,140000001
1201;1269;35;1;8.000,00;0;TRUE;0,00;8.000,00;0,140000001
1202;1270;35;1;8.000,00;0;TRUE;0,00;8.000,00;0,140000001
1203;1271;35;1;8.000,00;0;TRUE;0,00;8.000,00;0,140000001
1204;1272;41;1;28.000,00;0;TRUE;0,00;28.000,00;0,140000001
1205;1273;103;1;20.000,00;0;TRUE;0,00;20.000,00;0,140000001
1206;1274;35;1;8.000,00;0;TRUE;0,00;8.000,00;0,140000001
1207;1275;35;1;8.000,00;0;TRUE;0,00;8.000,00;0,140000001
1208;1276;35;1;8.000,00;0;TRUE;0,00;8.000,00;0,140000001
1209;1277;35;1;8.000,00;0;TRUE;0,00;8.000,00;0,140000001
1210;1278;103;1;20.000,00;0;TRUE;0,00;20.000,00;0,140000001
1211;1279;111;1;32.000,00;0;TRUE;0,00;32.000,00;0,140000001
1212;1280;128;1;20.000,00;0;TRUE;0,00;20.000,00;0,140000001
1214;1282;35;1;29.000,00;0;TRUE;0,00;29.000,00;0,140000001
1215;1283;3;1;8.000,00;0;TRUE;0,00;8.000,00;0,140000001
1216;1284;28;1;15.000,00;0;TRUE;0,00;15.000,00;0,140000001
1217;1285;106;1;41.000,00;0;TRUE;0,00;41.000,00;0,140000001
1218;1286;112;1;30.000,00;0;TRUE;0,00;30.000,00;0,140000001
1219;1287;106;1;41.000,00;0;TRUE;0,00;41.000,00;0,140000001
1220;1288;41;1;28.000,00;0;TRUE;0,00;28.000,00;0,140000001
1221;1289;41;1;28.000,00;0;TRUE;0,00;28.000,00;0,140000001
1222;1290;103;1;20.000,00;0;TRUE;0,00;20.000,00;0,140000001
1223;1291;111;1;32.000,00;0;TRUE;0,00;32.000,00;0,140000001
1224;1291;125;1;1.000,00;0;TRUE;0,00;1.000,00;0,140000001
1225;1292;126;1;15.000,00;0;TRUE;0,00;15.000,00;0,140000001
1226;1293;28;1;15.000,00;0;TRUE;0,00;15.000,00;0,140000001
1227;1294;41;1;28.000,00;0;TRUE;0,00;28.000,00;0,140000001
1228;1295;50;1;16.000,00;0;TRUE;0,00;16.000,00;0,140000001
1229;1296;78;1;16.000,00;0;TRUE;0,00;16.000,00;0,140000001
1230;1297;78;1;16.000,00;0;TRUE;0,00;16.000,00;0,140000001
1231;1298;128;1;20.000,00;0;TRUE;0,00;20.000,00;0,140000001
1232;1299;78;1;16.000,00;0;TRUE;0,00;16.000,00;0,140000001
1233;1300;28;1;15.000,00;0;TRUE;0,00;15.000,00;0,140000001
1234;1301;128;1;20.000,00;0;TRUE;0,00;20.000,00;0,140000001
1236;1303;41;1;28.000,00;0;TRUE;0,00;28.000,00;0,140000001
1237;1304;78;1;16.000,00;0;TRUE;0,00;16.000,00;0,140000001
1238;1281;28;1;28.000,00;0;TRUE;0,00;28.000,00;0,140000001
1239;1305;78;1;16.000,00;0;TRUE;0,00;16.000,00;0,140000001
1240;1306;41;1;28.000,00;0;TRUE;0,00;28.000,00;0,140000001
1241;1307;111;1;32.000,00;0;TRUE;0,00;32.000,00;0,140000001
1242;1308;3;1;15.000,00;0;TRUE;0,00;15.000,00;0
1243;1309;127;1;0,00;0;TRUE;1.500,00;0,00;0,140000001
1244;1310;78;1;16.000,00;0;TRUE;0,00;16.000,00;0,140000001
1245;1311;108;1;8.000,00;0;TRUE;0,00;8.000,00;0,140000001
1246;1312;108;1;8.000,00;0;TRUE;0,00;8.000,00;0
1247;1313;78;1;16.000,00;0;TRUE;0,00;16.000,00;0,140000001
1248;1314;2;1;8.000,00;0;TRUE;0,00;8.000,00;0,140000001
1249;1315;2;1;8.000,00;0;TRUE;0,00;8.000,00;0,140000001
1250;1316;128;1;20.000,00;0;TRUE;0,00;20.000,00;0,140000001
1251;1317;128;1;20.000,00;0;TRUE;0,00;20.000,00;0,140000001
1252;1318;106;1;0,00;0;TRUE;3.600,00;0,00;0,140000001
1253;1319;104;1;21.780,00;0;TRUE;0,00;21.780,00;0,140000001
1254;1320;2;1;15.000,00;0;TRUE;0,00;15.000,00;0,140000001
1255;1321;2;1;15.000,00;0;TRUE;0,00;15.000,00;0,140000001
1256;1322;16;1;8.000,00;0;TRUE;0,00;8.000,00;0
1257;1323;2;1;8.000,00;0;TRUE;0,00;8.000,00;0,140000001
1258;1324;36;1;8.000,00;0;TRUE;0,00;8.000,00;0
1259;1325;29;1;12.000,00;0;TRUE;0,00;12.000,00;0,140000001
1260;1326;78;1;15.000,00;0;TRUE;0,00;15.000,00;0,140000001
1261;1327;35;1;8.000,00;0;TRUE;0,00;8.000,00;0,140000001
1262;1328;35;1;8.000,00;0;TRUE;0,00;8.000,00;0,140000001
1263;1329;129;1;17.000,00;0;TRUE;0,00;17.000,00;0,140000001
1264;1330;35;1;8.000,00;0;TRUE;0,00;8.000,00;0,140000001
1265;1331;35;1;8.000,00;0;TRUE;0,00;8.000,00;0,140000001
1266;1332;112;1;32.000,00;0;TRUE;0,00;32.000,00;0,140000001
1267;1333;130;1;17.000,00;0;TRUE;0,00;17.000,00;0,140000001
1268;1334;115;1;10.000,00;0;TRUE;0,00;10.000,00;0,140000001
1269;1335;128;1;20.000,00;0;TRUE;0,00;20.000,00;0,140000001
1270;1336;131;1;15.000,00;0;TRUE;0,00;15.000,00;0,140000001
1271;1337;133;1;19.000,00;0;TRUE;0,00;19.000,00;0,140000001
1272;1338;133;1;19.000,00;0;TRUE;0,00;19.000,00;0,140000001
1273;1339;132;1;39.000,00;0;TRUE;0,00;39.000,00;0,140000001
1274;1340;128;1;20.000,00;0;TRUE;0,00;20.000,00;0,140000001
1275;1341;106;1;41.000,00;0;TRUE;0,00;41.000,00;0,140000001
1276;1342;78;1;15.000,00;0;TRUE;0,00;15.000,00;0,140000001
1277;1343;2;1;16.000,00;0;TRUE;0,00;16.000,00;0,140000001
1278;1344;2;1;16.000,00;0;TRUE;0,00;16.000,00;0,140000001
1279;1345;2;1;8.000,00;0;TRUE;0,00;8.000,00;0,140000001
1280;1346;133;1;19.000,00;0;TRUE;0,00;19.000,00;0,140000001
1281;1347;134;1;6.000,00;0;TRUE;0,00;6.000,00;0,140000001
1282;1348;35;1;8.000,00;0;TRUE;0,00;8.000,00;0,140000001
1283;1349;135;1;10.000,00;0;TRUE;0,00;10.000,00;0,140000001
1284;1350;35;1;8.000,00;0;TRUE;0,00;8.000,00;0,140000001
1285;1351;78;1;15.000,00;0;TRUE;0,00;15.000,00;0,140000001
1286;1352;35;1;8.000,00;0;TRUE;0,00;8.000,00;0,140000001
1287;1353;29;1;12.000,00;0;TRUE;0,00;12.000,00;0,140000001
1288;1354;78;1;15.000,00;0;TRUE;0,00;15.000,00;0,140000001
1289;1355;108;1;8.000,00;0;TRUE;0,00;8.000,00;0,140000001
1290;1356;35;1;8.000,00;0;TRUE;0,00;8.000,00;0,140000001
1291;1357;35;1;8.000,00;0;TRUE;0,00;8.000,00;0,140000001
1292;1358;108;1;8.000,00;0;TRUE;0,00;8.000,00;0,140000001
1293;1359;78;1;12.000,00;0;TRUE;0,00;12.000,00;0,140000001
1294;1360;78;1;3.000,00;0;TRUE;0,00;3.000,00;0,140000001
1297;1361;41;1;28.620,00;0;TRUE;0,00;28.620,00;0,140000001
1298;1361;121;1;1.060,00;0;TRUE;0,00;1.060,00;0,140000001
1299;1362;29;1;8.000,00;0;TRUE;0,00;8.000,00;0,140000001
1300;1363;137;1;21.877,50;0;TRUE;0,00;21.877,50;0,140000001
1302;1364;3;1;12.000,00;0;TRUE;0,00;12.000,00;0
1303;1365;41;1;27.350,00;0;TRUE;0,00;27.350,00;0,140000001
1304;1365;138;1;-8.100,00;0;TRUE;0,00;-8.100,00;0,140000001
1305;1366;41;1;27.350,00;0;TRUE;0,00;27.350,00;0,140000001
1306;1366;138;1;-8.100,00;0;TRUE;0,00;-8.100,00;0,140000001
1307;1367;120;1;12.000,00;0;TRUE;0,00;12.000,00;0,140000001
1308;1368;78;1;15.000,00;0;TRUE;0,00;15.000,00;0,140000001
1309;1369;92;1;8.000,00;0;TRUE;0,00;8.000,00;0,140000001
1311;1370;78;1;15.000,00;0;TRUE;0,00;15.000,00;0,140000001
1313;1375;78;1;15.000,00;0;TRUE;0,00;15.000,00;0,140000001
1314;1376;35;1;8.000,00;0;TRUE;0,00;8.000,00;0,140000001
1315;1377;41;1;27.350,00;0;TRUE;0,00;27.350,00;0,140000001
1316;1378;41;1;27.350,00;0;TRUE;0,00;27.350,00;0,140000001
1317;1380;35;1;8.000,00;0;TRUE;0,00;8.000,00;0,140000001
1318;1381;128;1;20.000,00;0;TRUE;0,00;20.000,00;0,140000001
1319;1382;41;1;27.350,00;0;TRUE;0,00;27.350,00;0,140000001
1320;1383;41;1;0,00;0;TRUE;2.700,00;0,00;0,140000001
1321;1384;41;1;27.350,00;0;TRUE;0,00;27.350,00;0,140000001
1322;1385;35;1;8.000,00;0;TRUE;0,00;8.000,00;0,140000001
1323;1386;35;1;8.000,00;0;TRUE;0,00;8.000,00;0,140000001
1324;1387;41;1;27.350,00;0;TRUE;0,00;27.350,00;0,140000001
1325;1388;41;1;;0;TRUE;2.700,00;;0,140000001
1326;1389;41;1;0,00;0;TRUE;2.700,00;0,00;0,140000001
1327;1390;35;1;8.000,00;0;TRUE;0,00;8.000,00;0,140000001
1328;1397;106;1;42.000,00;0;TRUE;0,00;42.000,00;0,140000001
1329;1398;41;1;28.620,00;0;TRUE;0,00;28.620,00;0
1330;1399;124;1;8.000,00;0;TRUE;0,00;8.000,00;0,140000001
1331;1400;141;1;9.000,00;0;TRUE;0,00;9.000,00;0,140000001
1332;1401;41;1;0,00;0;TRUE;2.700,00;0,00;0,140000001
1333;1402;41;1;27.350,00;0;TRUE;0,00;27.350,00;0,140000001
1334;1403;3;1;8.000,00;0;TRUE;0,00;8.000,00;0,140000001
1335;1404;41;1;0,00;0;TRUE;2.600,00;0,00;0,140000001
1336;1405;41;1;27.350,00;0;TRUE;0,00;27.350,00;0,140000001
1337;1406;41;1;27.350,00;0;TRUE;0,00;27.350,00;0,140000001
1338;1407;35;1;8.000,00;0;TRUE;0,00;8.000,00;0
1339;1408;41;1;27.350,00;0;TRUE;0,00;27.350,00;0,140000001
1340;1409;35;1;8.000,00;0;TRUE;0,00;8.000,00;0,140000001
1341;1410;41;1;27.350,00;0;TRUE;0,00;27.350,00;0,140000001
1342;1411;35;1;8.000,00;0;TRUE;0,00;8.000,00;0,140000001
1343;1412;41;1;0,00;0;TRUE;2.700,00;0,00;0,140000001
1344;1413;35;1;8.000,00;0;TRUE;0,00;8.000,00;0,140000001
1345;1414;33;1;27.350,00;0;TRUE;0,00;27.350,00;0,140000001
1346;1415;108;1;8.000,00;0;TRUE;0,00;8.000,00;0,140000001
1347;1416;35;1;8.000,00;0;TRUE;0,00;8.000,00;0,140000001
1348;1417;35;1;8.000,00;0;TRUE;0,00;8.000,00;0,140000001
1349;1418;142;1;28.000,00;0;TRUE;0,00;28.000,00;0,140000001
1350;1420;41;1;0,00;0;TRUE;2.600,00;0,00;0,140000001
1351;1421;35;1;8.000,00;0;TRUE;0,00;8.000,00;0,140000001
1352;1422;35;1;8.000,00;0;TRUE;0,00;8.000,00;0,140000001
1353;1423;35;1;8.000,00;0;TRUE;0,00;8.000,00;0,140000001
1354;1424;35;1;8.000,00;0;TRUE;0,00;8.000,00;0,140000001
1355;1425;41;1;27.350,00;0;TRUE;0,00;27.350,00;0,140000001
1356;1426;41;1;27.350,00;0;TRUE;0,00;27.350,00;0,140000001
1357;1427;41;1;27.350,00;0;TRUE;0,00;27.350,00;0,140000001
1358;1428;41;1;27.350,00;0;TRUE;0,00;27.350,00;0,140000001
1359;1429;143;1;42.000,00;0;TRUE;0,00;42.000,00;0,140000001
1360;1430;41;1;0,00;0;TRUE;2.600,00;0,00;0,140000001
1361;1431;3;1;8.000,00;0;TRUE;0,00;8.000,00;0,140000001
1362;1432;41;1;27.350,00;0;TRUE;0,00;27.350,00;0,140000001
1363;1433;35;1;8.000,00;0;TRUE;0,00;8.000,00;0,140000001
1364;1434;35;1;8.000,00;0;TRUE;0,00;8.000,00;0,140000001
1365;1435;35;1;8.000,00;0;TRUE;0,00;8.000,00;0,140000001
1366;1436;35;1;8.000,00;0;TRUE;0,00;8.000,00;0,140000001
1367;1437;35;1;8.000,00;0;TRUE;0,00;8.000,00;0,140000001
1368;1438;41;1;27.350,00;0;TRUE;0,00;27.350,00;0,140000001
1369;1439;41;1;27.350,00;0;TRUE;0,00;27.350,00;0,140000001
1370;1440;41;1;27.350,00;0;TRUE;0,00;27.350,00;0,140000001
1371;1441;35;1;8.000,00;0;TRUE;0,00;8.000,00;0,140000001
1372;1442;35;1;8.000,00;0;TRUE;0,00;8.000,00;0,140000001
1373;1443;41;1;;0;TRUE;2.700,00;;0,140000001
1374;1444;41;1;0,00;0;TRUE;2.600,00;0,00;0,140000001
1375;1445;41;1;0,00;0;TRUE;2.600,00;0,00;0,140000001
1376;1446;41;1;27.300,00;0;TRUE;0,00;27.300,00;0,140000001
1377;1447;41;1;27.350,00;0;TRUE;0,00;27.350,00;0,140000001
1378;1448;35;1;8.000,00;0;TRUE;0,00;8.000,00;0,140000001
1379;1449;41;1;27.350,00;0;TRUE;0,00;27.350,00;0,140000001
1380;1450;108;1;8.000,00;0;TRUE;0,00;8.000,00;0,140000001
1381;1451;144;1;26.000,00;0;TRUE;0,00;26.000,00;0,140000001
1382;1452;141;1;9.000,00;0;TRUE;0,00;9.000,00;0,140000001
1383;1453;41;1;27.350,00;0;TRUE;0,00;27.350,00;0,140000001
1384;1454;41;1;27.350,00;0;TRUE;0,00;27.350,00;0,140000001
1385;1455;41;1;0,00;0;TRUE;2.600,00;0,00;0,140000001
1386;1456;2;1;10.000,00;0;TRUE;0,00;10.000,00;0,140000001
1387;1457;2;1;10.000,00;0;TRUE;0,00;10.000,00;0,140000001
1388;1458;2;1;10.000,00;0;TRUE;0,00;10.000,00;0,140000001
1389;1459;106;1;42.000,00;0;TRUE;42.000,00;42.000,00;0,140000001
1390;1460;108;1;8.000,00;0;TRUE;0,00;8.000,00;0,140000001
1391;1461;108;1;8.000,00;0;TRUE;0,00;8.000,00;0,140000001
1392;1462;35;1;8.000,00;0;TRUE;0,00;8.000,00;0,140000001
1393;1463;29;1;8.000,00;0;TRUE;0,00;8.000,00;0,140000001
1394;1464;41;1;27.350,00;0;TRUE;2.600,00;27.350,00;0,140000001
1395;1465;41;1;27.350,00;0;TRUE;2.600,00;27.350,00;0,140000001
1396;1466;41;1;27.300,00;0;TRUE;2.700,00;27.300,00;0,140000001
1397;1467;41;1;27.350,00;0;TRUE;0,00;27.350,00;0,140000001
1398;1468;35;1;8.000,00;0;TRUE;0,00;8.000,00;0,140000001
1399;1469;41;1;27.350,00;0;TRUE;0,00;27.350,00;0,140000001
1400;1470;41;1;0,00;0;TRUE;2.600,00;0,00;0,140000001
1401;1471;35;1;8.000,00;0;TRUE;0,00;8.000,00;0,140000001
1402;1472;41;1;27.350,00;0;TRUE;0,00;27.350,00;0,140000001
1403;1473;35;1;8.000,00;0;TRUE;0,00;8.000,00;0,140000001
1404;1474;35;1;8.000,00;0;TRUE;0,00;8.000,00;0,140000001
1405;1475;41;1;27.350,00;0;TRUE;0,00;27.350,00;0,140000001
1406;1476;35;1;8.000,00;0;TRUE;0,00;8.000,00;0,140000001
1407;1477;41;1;27.350,00;0;TRUE;0,00;27.350,00;0,140000001
1408;1478;35;1;8.000,00;0;TRUE;0,00;8.000,00;0,140000001
1409;1479;41;1;0,00;0;TRUE;2.600,00;0,00;0,140000001
1410;1482;41;1;27.350,00;0;TRUE;0,00;27.350,00;0,140000001
1411;1483;41;1;27.350,00;0;TRUE;0,00;27.350,00;0,140000001
1412;1484;35;1;8.000,00;0;TRUE;0,00;8.000,00;0,140000001
1413;1485;35;1;8.000,00;0;TRUE;0,00;8.000,00;0,140000001
1415;1487;3;1;8.000,00;0;TRUE;0,00;8.000,00;0,140000001
1416;1488;41;1;27.350,00;0;TRUE;0,00;27.350,00;0,140000001
1417;1489;41;1;27.350,00;0;TRUE;0,00;27.350,00;0,140000001
1418;1490;35;1;8.000,00;0;TRUE;0,00;8.000,00;0,140000001
1419;1491;2;1;8.000,00;0;TRUE;0,00;8.000,00;0,140000001
1420;1492;41;1;0,00;0;TRUE;2.700,00;0,00;0,140000001
1421;1493;2;1;8.000,00;0;TRUE;0,00;8.000,00;0,140000001
1422;1494;145;1;42.000,00;0;TRUE;0,00;42.000,00;0,140000001
1423;1495;41;1;27.350,00;0;TRUE;0,00;27.350,00;0,140000001
1424;1496;108;1;8.000,00;0;TRUE;0,00;8.000,00;0,140000001
1425;1497;41;1;27.350,00;0;TRUE;0,00;27.350,00;0,140000001
1426;1498;35;1;8.000,00;0;TRUE;0,00;8.000,00;0,140000001
1427;1499;41;1;27.350,00;0;TRUE;0,00;27.350,00;0,140000001
1428;1500;35;1;8.000,00;0;TRUE;0,00;8.000,00;0,140000001
1429;1502;35;1;8.000,00;0;TRUE;2.600,00;8.000,00;0,140000001
1430;1503;146;1;23.000,00;0;TRUE;0,00;23.000,00;0,140000001
1431;1504;41;1;27.350,00;0;TRUE;0,00;27.350,00;0,140000001
1432;1505;35;1;8.000,00;0;TRUE;0,00;8.000,00;0,140000001
1433;1506;41;1;0,00;0;TRUE;2.600,00;0,00;0,140000001
1434;1507;108;1;8.000,00;0;TRUE;0,00;8.000,00;0,140000001
1435;1508;41;1;27.350,00;0;TRUE;0,00;27.350,00;0,140000001
1436;1509;108;1;8.000,00;0;TRUE;0,00;8.000,00;0,140000001
1437;1510;41;1;27.350,00;0;TRUE;0,00;27.350,00;0,140000001
1438;1511;35;1;8.000,00;0;TRUE;0,00;8.000,00;0,140000001
1439;1512;41;1;0,00;0;TRUE;2.600,00;0,00;0,140000001
1440;1513;41;1;27.350,00;0;TRUE;0,00;27.350,00;0,140000001
1441;1514;108;1;8.000,00;0;TRUE;0,00;8.000,00;0,140000001
1442;1515;41;1;27.350,00;0;TRUE;0,00;27.350,00;0,140000001
1443;1516;147;1;8.000,00;0;TRUE;0,00;8.000,00;0,140000001
1444;1517;35;1;8.000,00;0;TRUE;0,00;8.000,00;0,140000001
1445;1518;41;1;0,00;0;TRUE;2.600,00;0,00;0,140000001
1446;1519;35;1;8.000,00;0;TRUE;0,00;8.000,00;0,140000001
1448;1520;35;1;8.000,00;0;TRUE;0,00;8.000,00;0,140000001
1449;1521;41;1;27.350,00;0;TRUE;0,00;27.350,00;0,140000001
1450;1522;35;1;8.000,00;0;TRUE;0,00;8.000,00;0,140000001
1451;1523;35;1;8.000,00;0;TRUE;0,00;8.000,00;0,140000001
1452;1524;41;1;27.350,00;0;TRUE;0,00;27.350,00;0,140000001
1453;1525;108;1;8.000,00;0;TRUE;0,00;8.000,00;0,140000001
1454;1526;41;1;27.350,00;0;TRUE;0,00;27.350,00;0,140000001
1455;1527;141;1;17.000,00;0;TRUE;0,00;17.000,00;0,140000001
1456;1528;148;1;8.000,00;0;TRUE;0,00;8.000,00;0,140000001
1457;1529;149;1;18.000,00;0;TRUE;0,00;18.000,00;0,140000001
1458;1530;41;1;27.350,00;0;TRUE;0,00;27.350,00;0,140000001
1459;1531;150;1;8.000,00;0;TRUE;0,00;8.000,00;0,140000001
1460;1532;41;1;26.000,00;0;TRUE;0,00;26.000,00;0,140000001
1461;1533;35;1;8.000,00;0;TRUE;0,00;8.000,00;0,140000001
1462;1534;106;1;42.000,00;0;TRUE;0,00;42.000,00;0,140000001
1463;1535;150;1;8.000,00;0;TRUE;0,00;8.000,00;0,140000001
1464;1536;108;1;8.000,00;0;TRUE;0,00;8.000,00;0,140000001
1465;1537;41;1;27.350,00;0;TRUE;0,00;27.350,00;0,140000001
1466;1538;41;1;27.350,00;0;TRUE;0,00;27.350,00;0,140000001
1467;1539;41;1;27.350,00;0;TRUE;0,00;27.350,00;0,140000001
1468;1540;108;1;8.000,00;0;TRUE;0,00;8.000,00;0,140000001
1469;1541;41;1;27.350,00;0;TRUE;0,00;27.350,00;0,140000001
1470;1542;108;1;8.000,00;0;TRUE;0,00;8.000,00;0,140000001
1471;1543;150;1;7.000,00;0;TRUE;0,00;7.000,00;0,140000001
1472;1544;35;1;8.000,00;0;TRUE;0,00;8.000,00;0,140000001
1473;1545;35;1;8.000,00;0;TRUE;0,00;8.000,00;0,140000001
1474;1546;35;1;8.000,00;0;TRUE;0,00;8.000,00;0,140000001
1475;1547;41;1;27.350,00;0;TRUE;0,00;27.350,00;0,140000001
1476;1548;41;1;27.350,00;0;TRUE;0,00;27.350,00;0,140000001
1477;1549;41;1;27.350,00;0;TRUE;0,00;27.350,00;0,140000001
1478;1550;41;1;27.350,00;0;TRUE;0,00;27.350,00;0,140000001
1479;1551;28;1;7.000,00;0;TRUE;0,00;7.000,00;0,140000001
1480;1552;41;1;27.350,00;0;TRUE;0,00;27.350,00;0,140000001
1481;1553;2;1;8.000,00;0;TRUE;0,00;8.000,00;0,140000001
1482;1554;35;1;8.000,00;0;TRUE;0,00;8.000,00;0,140000001
1483;1555;41;1;27.350,00;0;TRUE;0,00;27.350,00;0,140000001
1484;1556;35;1;8.000,00;0;TRUE;0,00;8.000,00;0,140000001
1485;1557;149;1;18.000,00;0;TRUE;0,00;18.000,00;0,140000001
1486;1558;35;1;8.000,00;0;TRUE;0,00;8.000,00;0,140000001
1487;1559;41;1;27.350,00;0;TRUE;0,00;27.350,00;0,140000001
1488;1560;106;1;0,00;0;TRUE;3.600,00;0,00;0,140000001
1489;1561;35;1;8.000,00;0;TRUE;0,00;8.000,00;0,140000001
1490;1486;35;1;0,00;0;TRUE;0,00;0,00;0,140000001
1491;1562;41;1;27.350,00;0;TRUE;0,00;27.350,00;0,140000001
1492;1563;28;1;13.000,00;0;TRUE;0,00;13.000,00;0,140000001
1493;1564;41;1;27.350,00;0;TRUE;0,00;27.350,00;0,140000001
1494;1565;35;1;8.000,00;0;TRUE;0,00;8.000,00;0,140000001
1495;1566;41;1;27.350,00;0;TRUE;0,00;27.350,00;0,140000001
1496;1567;108;1;8.000,00;0;TRUE;0,00;8.000,00;0,140000001
1497;1568;149;1;18.000,00;0;TRUE;0,00;18.000,00;0,140000001
1498;1569;41;1;27.350,00;0;TRUE;0,00;27.350,00;0,140000001
1499;1570;35;1;8.000,00;0;TRUE;0,00;8.000,00;0,140000001
1500;1571;41;1;27.350,00;0;TRUE;0,00;27.350,00;0,140000001
1501;1572;120;1;13.000,00;0;TRUE;0,00;13.000,00;0,140000001
1502;1573;35;1;8.000,00;0;TRUE;0,00;8.000,00;0,140000001
1503;1574;145;1;23.000,00;0;TRUE;0,00;23.000,00;0,140000001
1504;1575;35;1;8.000,00;0;TRUE;0,00;8.000,00;0,140000001
1505;1576;41;1;25.000,00;0;TRUE;0,00;25.000,00;0,140000001
1506;1577;41;1;25.000,00;0;TRUE;0,00;25.000,00;0,140000001
1507;1578;41;1;25.000,00;0;TRUE;0,00;25.000,00;0,140000001
1509;1580;41;1;0,00;0;TRUE;2.700,00;0,00;0,140000001
1510;1581;35;1;8.000,00;0;TRUE;0,00;8.000,00;0,140000001
1511;1582;35;1;8.000,00;0;TRUE;0,00;8.000,00;0,140000001
1513;1302;41;1;0,00;0;TRUE;2.600,00;0,00;0,140000001
1514;610;41;1;30.000,00;0;TRUE;0,00;30.000,00;0
1515;1579;41;1;0,00;0;TRUE;2.700,00;0,00;0,140000001
1516;1583;41;1;27.350,00;0;TRUE;0,00;27.350,00;0,140000001
1517;1584;41;1;27.350,00;0;TRUE;0,00;27.350,00;0,140000001
1518;1586;28;1;13.000,00;0;TRUE;0,00;13.000,00;0,140000001
1519;1588;41;1;27.350,00;0;TRUE;0,00;27.350,00;0,140000001
1520;1590;41;1;27.350,00;0;TRUE;0,00;27.350,00;0,140000001
1521;1591;35;1;8.000,00;0;TRUE;0,00;8.000,00;0,140000001
1522;1592;41;1;27.350,00;0;TRUE;0,00;27.350,00;0,140000001
1523;1593;35;1;8.000,00;0;TRUE;0,00;8.000,00;0,140000001
1524;1594;35;1;8.000,00;0;TRUE;0,00;8.000,00;0,140000001
1525;1595;35;1;8.000,00;0;TRUE;0,00;8.000,00;0,140000001
1526;1596;41;1;0,00;0;TRUE;2.700,00;0,00;0,140000001
1527;1597;35;1;8.000,00;0;TRUE;0,00;8.000,00;0,140000001
1528;1598;41;1;0,00;0;TRUE;2.600,00;0,00;0,140000001
1529;1600;106;1;41.000,00;0;TRUE;0,00;41.000,00;0
1530;1601;106;1;41.000,00;0;TRUE;0,00;41.000,00;0
1531;1602;41;1;0,00;0;TRUE;2.700,00;0,00;0,140000001
1532;1603;41;1;27.350,00;0;TRUE;0,00;27.350,00;0,140000001
1533;1604;41;1;27.350,00;0;TRUE;0,00;27.350,00;0,140000001
1534;1605;150;1;8.000,00;0;TRUE;0,00;8.000,00;0,140000001
1535;1606;150;1;8.000,00;0;TRUE;0,00;8.000,00;0,140000001
1536;1608;41;1;27.350,00;0;TRUE;0,00;27.350,00;0,140000001
1537;1609;41;1;0,00;0;TRUE;2.700,00;0,00;0,140000001
1538;1610;3;1;12.000,00;0;TRUE;0,00;12.000,00;0,140000001
1539;1611;153;1;3.990,00;0;TRUE;0,00;3.500,00;0,140000001
1542;1612;41;1;27.350,00;0;TRUE;0,00;27.350,00;0,140000001
1543;1613;35;1;8.000,00;0;TRUE;0,00;8.000,00;0,140000001
1544;1614;41;1;27.350,00;0;TRUE;0,00;27.350,00;0,140000001
1545;1615;35;1;8.000,00;0;TRUE;0,00;8.000,00;0,140000001
1546;1616;133;1;11.000,00;0;TRUE;0,00;11.000,00;0,140000001
1547;1617;133;1;11.000,00;0;TRUE;0,00;11.000,00;0,140000001
1548;1618;78;1;11.000,00;0;TRUE;0,00;11.000,00;0,140000001
1549;1619;78;1;11.000,00;0;TRUE;0,00;11.000,00;0,140000001
1550;1620;155;1;15.000,00;0;TRUE;0,00;15.000,00;0
1551;1621;150;1;8.000,00;0;TRUE;0,00;8.000,00;0,140000001
1552;1622;106;1;42.200,00;0;TRUE;0,00;42.200,00;0,140000001
1553;1623;41;1;27.350,00;0;TRUE;0,00;27.350,00;0,140000001
1554;1548;138;1;-8.100,00;0;TRUE;0,00;-8.100,00;0,140000001
1555;1624;2;1;8.000,00;0;TRUE;0,00;8.000,00;0,140000001
1556;1625;2;1;8.000,00;0;TRUE;0,00;8.000,00;0,140000001
1557;1626;141;1;18.000,00;0;TRUE;0,00;18.000,00;0,140000001
1558;1627;29;1;7.000,00;0;TRUE;0,00;7.000,00;0
1559;1628;29;1;11.000,00;0;TRUE;0,00;11.000,00;0,140000001
1560;1629;149;1;19.000,00;0;TRUE;0,00;19.000,00;0,140000001
1561;1630;108;1;8.000,00;0;TRUE;0,00;8.000,00;0,140000001
1562;1631;41;1;27.350,00;0;TRUE;0,00;27.350,00;0,140000001
1563;1632;3;1;10.000,00;0;TRUE;0,00;10.000,00;0,140000001
1564;1633;41;1;27.350,00;0;TRUE;0,00;27.350,00;0,140000001
1565;1634;120;1;15.000,00;0;TRUE;0,00;15.000,00;0,140000001
1566;1635;157;1;31.000,00;0;TRUE;0,00;31.000,00;0,140000001
1567;1636;3;1;13.000,00;0;TRUE;0,00;13.000,00;0,140000001
1568;1637;2;1;8.000,00;0;TRUE;0,00;8.000,00;0,140000001
1569;1638;41;1;27.350,00;0;TRUE;0,00;27.350,00;0,140000001
1570;1639;150;1;8.000,00;0;TRUE;0,00;8.000,00;0,140000001
1571;1640;155;1;15.000,00;0;TRUE;0,00;15.000,00;0
1572;1641;41;1;0,00;0;TRUE;2.850,00;0,00;0,140000001
1573;1642;147;1;8.000,00;0;TRUE;0,00;8.000,00;0,140000001
1574;1643;35;1;8.000,00;0;TRUE;0,00;8.000,00;0,140000001
1575;1644;35;1;8.000,00;0;TRUE;0,00;8.000,00;0,140000001
1576;1645;158;1;0,00;0;TRUE;3.800,00;0,00;0,140000001
1577;1646;158;1;0,00;0;TRUE;3.800,00;0,00;0,140000001
1578;1647;158;1;0,00;0;TRUE;3.800,00;0,00;0,140000001
1579;1648;158;1;0,00;0;TRUE;3.800,00;0,00;0,140000001
1580;1649;35;1;8.000,00;0;TRUE;0,00;8.000,00;0,140000001
1581;1650;29;1;12.000,00;0;TRUE;0,00;12.000,00;0,140000001
1582;1651;35;1;8.000,00;0;TRUE;0,00;8.000,00;0,140000001
1583;1652;41;1;30.200,00;0;TRUE;0,00;30.200,00;0
1584;1653;35;1;8.000,00;0;TRUE;0,00;8.000,00;0,140000001
1585;1654;150;1;8.000,00;0;TRUE;0,00;8.000,00;0,140000001
1586;1655;41;1;29.400,00;0;TRUE;0,00;29.400,00;0,140000001
1587;1656;41;1;0,00;0;TRUE;2.850,00;0,00;0,140000001
1588;1657;41;1;0,00;0;TRUE;2.850,00;0,00;0,140000001
1589;1658;114;1;25.000,00;0;TRUE;0,00;25.000,00;0,140000001
1590;1659;159;1;20.000,00;0;TRUE;0,00;20.000,00;0,140000001
1591;1660;159;1;20.000,00;0;TRUE;0,00;20.000,00;0,140000001
1594;1652;125;1;1.100,00;0;TRUE;0,00;1.100,00;0,140000001
1595;1661;35;1;8.000,00;0;TRUE;0,00;8.000,00;0,140000001
1596;1662;35;1;8.000,00;0;TRUE;0,00;8.000,00;0,140000001
1597;1664;35;1;8.000,00;0;TRUE;0,00;8.000,00;0,140000001
1598;1665;41;1;30.200,00;0;TRUE;0,00;30.200,00;0,140000001
1599;1666;41;1;0,00;0;TRUE;2.850,00;0,00;0,140000001
1600;1667;41;1;0,00;0;TRUE;2.850,00;0,00;0,140000001
1601;1668;41;1;0,00;0;TRUE;2.850,00;0,00;0,140000001
1602;1669;35;1;8.000,00;0;TRUE;0,00;8.000,00;0,140000001
1603;1670;35;1;8.000,00;0;TRUE;0,00;8.000,00;0,140000001
1604;1671;35;1;8.000,00;0;TRUE;0,00;8.000,00;0,140000001
1605;1672;35;1;8.000,00;0;TRUE;0,00;8.000,00;0,140000001
1606;1673;41;1;0,00;0;TRUE;2.900,00;0,00;0,140000001
1607;1674;106;1;0,00;0;TRUE;4.800,00;0,00;0,140000001
1608;1676;106;1;0,00;0;TRUE;4.800,00;0,00;0,140000001
1609;1677;41;1;0,00;0;TRUE;2.850,00;0,00;0,140000001
1610;1678;35;1;8.000,00;0;TRUE;0,00;8.000,00;0,140000001
1611;1679;41;1;0,00;0;TRUE;2.850,00;0,00;0,140000001
1612;1680;35;1;8.000,00;0;TRUE;0,00;8.000,00;0,140000001
1613;1681;35;1;8.000,00;0;TRUE;0,00;8.000,00;0,140000001
1614;1682;108;1;8.000,00;0;TRUE;0,00;8.000,00;0,140000001
1615;1683;108;1;8.000,00;0;TRUE;0,00;8.000,00;0,140000001
1616;1684;41;1;0,00;0;TRUE;2.850,00;0,00;0,140000001
1617;1685;41;1;30.450,00;0;TRUE;0,00;30.450,00;0,140000001
1618;1686;108;1;8.000,00;0;TRUE;0,00;8.000,00;0,140000001
1619;1687;41;1;30.200,00;0;TRUE;0,00;30.200,00;0,140000001
1620;1688;160;1;8.000,00;0;TRUE;0,00;8.000,00;0
1621;1689;41;1;0,00;0;TRUE;2.850,00;0,00;0,140000001
1622;1690;161;1;4.000,00;0;TRUE;0,00;3.508,77;0,140000001
1623;1691;106;1;0,00;0;TRUE;4.800,00;0,00;0,140000001
1624;1692;41;1;0,00;0;TRUE;2.850,00;0,00;0,140000001
1625;1693;41;1;0,00;0;TRUE;2.850,00;0,00;0,140000001
1626;1694;35;1;8.000,00;0;TRUE;0,00;8.000,00;0,140000001
1627;1695;41;1;30.200,00;0;TRUE;0,00;30.200,00;0,140000001
1628;1696;35;1;8.000,00;0;TRUE;0,00;8.000,00;0,140000001
1629;1697;35;1;8.000,00;0;TRUE;0,00;8.000,00;0,140000001
1630;1698;41;1;0,00;0;TRUE;2.850,00;0,00;0,140000001
1631;1699;41;1;0,00;0;TRUE;2.850,00;0,00;0,140000001
1632;1700;41;1;0,00;0;TRUE;2.850,00;0,00;0,140000001
1633;1701;88;1;14.000,00;0;TRUE;0,00;14.000,00;0,140000001
1634;1631;138;1;-8.250,00;0;TRUE;0,00;-8.250,00;0,140000001
1635;1702;35;1;8.000,00;0;TRUE;0,00;8.000,00;0,140000001
1636;1703;41;1;0,00;0;TRUE;3.600,00;0,00;0,140000001
1637;1704;41;1;0,00;0;TRUE;3.600,00;0,00;0,140000001
1638;1705;35;1;8.000,00;0;TRUE;0,00;8.000,00;0,140000001
1639;1706;108;1;8.000,00;0;TRUE;0,00;8.000,00;0,140000001
1640;1707;35;1;8.000,00;0;TRUE;0,00;8.000,00;0,140000001
1641;1708;41;1;0,00;0;TRUE;3.100,00;0,00;0,140000001
1642;1709;41;1;0,00;0;TRUE;3.600,00;0,00;0,140000001
1643;1710;41;1;0,00;0;TRUE;3.100,00;0,00;0,140000001
1644;1711;41;1;0,00;0;TRUE;3.600,00;0,00;0,140000001
1645;1712;41;1;0,00;0;TRUE;3.600,00;0,00;0,140000001
1646;1713;23;1;15.000,00;0;TRUE;0,00;15.000,00;0,140000001
1647;1714;108;1;8.000,00;0;TRUE;0,00;8.000,00;0,140000001
1648;1715;108;1;8.000,00;0;TRUE;0,00;8.000,00;0,140000001
1649;1716;163;1;26.000,00;0;TRUE;0,00;26.000,00;0,140000001
1650;1717;41;1;0,00;0;TRUE;3.600,00;0,00;0,140000001
1651;1718;41;1;0,00;0;TRUE;3.100,00;0,00;0,140000001
1652;1719;41;1;0,00;0;TRUE;3.100,00;0,00;0,140000001
1653;1720;41;1;0,00;0;TRUE;3.600,00;0,00;0,140000001
1654;1721;41;1;0,00;0;TRUE;3.600,00;0,00;0,140000001
1655;1722;108;1;8.000,00;0;TRUE;0,00;8.000,00;0,140000001
1656;1723;108;1;8.000,00;0;TRUE;0,00;8.000,00;0,140000001
1657;1724;35;1;8.000,00;0;TRUE;0,00;8.000,00;0,140000001
1658;1725;160;1;8.000,00;0;TRUE;0,00;8.000,00;0
1659;1726;108;1;8.000,00;0;TRUE;0,00;8.000,00;0,140000001
1660;1727;108;1;8.000,00;0;TRUE;0,00;8.000,00;0,140000001
1661;1728;41;1;0,00;0;TRUE;3.600,00;0,00;0,140000001
1662;1729;108;1;8.000,00;0;TRUE;0,00;8.000,00;0,140000001
1663;1730;41;1;32.500,00;0;TRUE;0,00;32.500,00;0,140000001
1664;1731;41;1;32.500,00;0;TRUE;0,00;32.500,00;0,140000001
1665;1732;41;1;0,00;0;TRUE;3.100,00;0,00;0,140000001
1666;1733;41;1;0,00;0;TRUE;3.100,00;0,00;0,140000001
1667;1734;41;1;0,00;0;TRUE;3.100,00;0,00;0,140000001
1668;1735;41;1;0,00;0;TRUE;3.100,00;0,00;0,140000001
1669;1736;41;1;0,00;0;TRUE;3.100,00;0,00;0,140000001
1670;1737;41;1;0,00;0;TRUE;3.100,00;0,00;0,140000001
1671;1738;35;1;8.000,00;0;TRUE;0,00;8.000,00;0,140000001
1672;1739;35;1;8.000,00;0;TRUE;0,00;8.000,00;0,140000001
1673;1740;35;1;8.000,00;0;TRUE;0,00;8.000,00;0,140000001
1674;1741;35;1;8.000,00;0;TRUE;0,00;8.000,00;0,140000001
1675;1742;41;1;0,00;0;TRUE;3.100,00;0,00;0,140000001
1676;1743;35;1;8.000,00;0;TRUE;0,00;8.000,00;0,140000001
1677;1744;35;1;8.000,00;0;TRUE;0,00;8.000,00;0,140000001
1678;1745;35;1;8.000,00;0;TRUE;0,00;8.000,00;0,140000001
1679;1746;106;1;0,00;0;TRUE;4.800,00;0,00;0,140000001
1680;1747;41;1;0,00;0;TRUE;3.100,00;0,00;0,140000001
1681;1748;164;1;0,00;0;TRUE;3.800,00;0,00;0,140000001
1682;1750;41;1;0,00;0;TRUE;3.100,00;0,00;0,140000001
1683;1751;41;1;0,00;0;TRUE;3.100,00;0,00;0,140000001
1684;1752;41;1;0,00;0;TRUE;3.100,00;0,00;0,140000001
1685;1753;106;1;0,00;0;TRUE;4.800,00;0,00;0,140000001
1686;1754;35;1;8.000,00;0;TRUE;0,00;8.000,00;0,140000001
1687;1755;2;1;10.000,00;0;TRUE;0,00;10.000,00;0,140000001
1688;1756;2;1;8.000,00;0;TRUE;0,00;8.000,00;0,140000001
1689;1757;35;1;8.000,00;0;TRUE;0,00;8.000,00;0,140000001
1690;1758;35;1;8.000,00;0;TRUE;0,00;8.000,00;0,140000001
1691;1759;41;1;0,00;0;TRUE;2.900,00;0,00;0,140000001
1692;1760;165;1;0,00;0;TRUE;4.100,00;0,00;0,140000001
1693;1761;165;1;0,00;0;TRUE;4.100,00;0,00;0,140000001
1694;1762;150;1;8.000,00;0;TRUE;0,00;8.000,00;0,140000001
1695;1763;41;1;0,00;0;TRUE;3.100,00;0,00;0,140000001
1696;1764;2;1;8.000,00;0;TRUE;0,00;8.000,00;0,140000001
1697;1765;41;1;0,00;0;TRUE;3.100,00;0,00;0,140000001
1698;1766;28;1;10.000,00;0;TRUE;0,00;10.000,00;0,140000001
1699;1767;21;1;13.500,00;0;TRUE;0,00;13.500,00;0,140000001
1700;1768;41;1;0,00;0;TRUE;3.000,00;0,00;0,140000001
1701;1769;41;1;0,00;0;TRUE;3.000,00;0,00;0,140000001
1702;1770;3;1;10.000,00;0;TRUE;0,00;10.000,00;0,140000001
1703;1771;41;1;0,00;0;TRUE;2.900,00;0,00;0,140000001
1704;1772;41;1;0,00;0;TRUE;3.000,00;0,00;0,140000001
1705;1773;41;1;0,00;0;TRUE;3.000,00;0,00;0,140000001
1706;1774;35;1;8.000,00;0;TRUE;0,00;8.000,00;0,140000001
1707;1775;35;1;8.000,00;0;TRUE;0,00;8.000,00;0,140000001
1708;1776;35;1;8.000,00;0;TRUE;0,00;8.000,00;0,140000001
1709;1777;11;1;30.000,00;0;TRUE;0,00;30.000,00;0,140000001
1710;1778;35;1;8.000,00;0;TRUE;0,00;8.000,00;0,140000001
1711;1779;141;1;18.000,00;0;TRUE;0,00;18.000,00;0,140000001
1712;1780;41;1;0,00;0;TRUE;3.000,00;0,00;0,140000001
1713;1781;41;1;0,00;0;TRUE;3.000,00;0,00;0,140000001
1714;1782;3;1;10.000,00;0;TRUE;0,00;10.000,00;0,140000001
1715;1783;41;1;0,00;0;TRUE;3.000,00;0,00;0,140000001
1716;1784;28;1;16.000,00;0;TRUE;0,00;16.000,00;0,140000001
1717;1785;21;1;11.000,00;0;TRUE;0,00;11.000,00;0,140000001
1718;1786;41;1;0,00;0;TRUE;3.000,00;0,00;0,140000001
1719;1787;41;1;0,00;0;TRUE;3.000,00;0,00;0,140000001
1720;1788;35;1;8.000,00;0;TRUE;0,00;8.000,00;0,140000001
1721;1790;35;1;8.000,00;0;TRUE;0,00;8.000,00;0,140000001
1722;1791;41;1;0,00;0;TRUE;2.800,00;0,00;0,140000001
1723;1792;35;1;8.000,00;0;TRUE;0,00;8.000,00;0,140000001
1724;1793;41;1;31.200,00;0;TRUE;0,00;31.200,00;0,140000001
1725;1794;160;1;8.000,00;0;TRUE;0,00;8.000,00;0
1726;1795;35;1;8.000,00;0;TRUE;0,00;8.000,00;0,140000001
1727;1796;41;1;31.200,00;0;TRUE;0,00;31.200,00;0,140000001
1728;1797;41;1;31.200,00;0;TRUE;0,00;31.200,00;0,140000001
1729;1798;41;1;31.200,00;0;TRUE;0,00;31.200,00;0,140000001
1730;1799;78;1;11.000,00;0;TRUE;0,00;11.000,00;0,140000001
1731;1800;3;1;10.000,00;0;TRUE;0,00;10.000,00;0,140000001
1732;1801;3;1;10.000,00;0;TRUE;0,00;10.000,00;0,140000001
1733;1802;150;1;8.000,00;0;TRUE;0,00;8.000,00;0,140000001
1734;1803;35;1;8.000,00;0;TRUE;0,00;8.000,00;0,140000001
1735;1804;35;1;8.000,00;0;TRUE;0,00;8.000,00;0,140000001
1736;1805;41;1;31.200,00;0;TRUE;0,00;31.200,00;0,140000001
1737;1806;41;1;31.200,00;0;TRUE;0,00;31.200,00;0,140000001
1738;1807;41;1;31.000,00;0;TRUE;0,00;31.000,00;0,140000001
1739;1808;167;1;10.000,00;0;TRUE;0,00;10.000,00;0,140000001
1740;1809;41;1;31.000,00;0;TRUE;0,00;31.000,00;0,140000001
1741;1810;41;1;31.000,00;0;TRUE;0,00;31.000,00;0,140000001
1742;1811;35;1;8.000,00;0;TRUE;0,00;8.000,00;0,140000001
1743;1812;35;1;8.000,00;0;TRUE;0,00;8.000,00;0,140000001
1744;1813;78;1;11.000,00;0;TRUE;0,00;11.000,00;0,140000001
1745;1814;78;1;11.000,00;0;TRUE;0,00;11.000,00;0,140000001
1746;1815;41;1;30.000,00;0;TRUE;0,00;30.000,00;0,140000001
1747;1816;35;1;8.000,00;0;TRUE;0,00;8.000,00;0,140000001
1748;1817;35;1;8.000,00;0;TRUE;0,00;8.000,00;0,140000001
1749;1818;35;1;8.000,00;0;TRUE;0,00;8.000,00;0,140000001
1750;1819;35;1;8.000,00;0;TRUE;0,00;8.000,00;0,140000001
1751;1820;35;1;8.000,00;0;TRUE;0,00;8.000,00;0,140000001
1752;1821;35;1;8.000,00;0;TRUE;0,00;8.000,00;0,140000001
1753;1822;35;1;8.000,00;0;TRUE;0,00;8.000,00;0,140000001
1754;1823;41;1;0,00;0;TRUE;2.800,00;0,00;0,140000001
1755;1824;168;1;28.000,00;0;TRUE;0,00;28.000,00;0,140000001
1756;1825;168;1;28.000,00;0;TRUE;0,00;28.000,00;0,140000001
1757;1826;168;1;28.000,00;0;TRUE;0,00;28.000,00;0,140000001
1758;1827;168;1;28.000,00;0;TRUE;0,00;28.000,00;0,140000001
1759;1828;35;1;8.000,00;0;TRUE;0,00;8.000,00;0,140000001
1760;1829;35;1;8.000,00;0;TRUE;0,00;8.000,00;0,140000001
1761;1830;41;1;0,00;0;TRUE;2.800,00;0,00;0,140000001
1762;1831;41;1;29.000,00;0;TRUE;0,00;29.000,00;0,140000001
1763;1832;35;1;8.000,00;0;TRUE;0,00;8.000,00;0,140000001
1764;1833;41;1;30.000,00;0;TRUE;0,00;30.000,00;0,140000001
1765;1834;35;1;8.000,00;0;TRUE;0,00;8.000,00;0,140000001
1766;1835;41;1;0,00;0;TRUE;2.800,00;0,00;0,140000001
1767;1836;41;1;0,00;0;TRUE;2.800,00;0,00;0,140000001
1768;1837;41;1;0,00;0;TRUE;2.800,00;0,00;0,140000001
1769;1838;3;1;20.000,00;0;TRUE;0,00;20.000,00;0,140000001
1770;1839;41;1;0,00;0;TRUE;2.800,00;0,00;0,140000001
1771;1840;41;1;0,00;0;TRUE;2.800,00;0,00;0,140000001
1772;1841;41;1;30.000,00;0;TRUE;0,00;30.000,00;0,140000001
1773;1842;41;1;30.000,00;0;TRUE;0,00;30.000,00;0,140000001
1774;1842;169;1;9.100,00;0;TRUE;0,00;9.100,00;0,140000001
1775;1843;35;1;8.000,00;0;TRUE;0,00;8.000,00;0,140000001
1776;1844;35;1;8.000,00;0;TRUE;0,00;8.000,00;0,140000001
1777;1845;35;1;8.000,00;0;TRUE;0,00;8.000,00;0,140000001
1778;1846;41;1;29.000,00;0;TRUE;0,00;29.000,00;0,140000001
1779;1847;3;1;20.000,00;0;TRUE;0,00;20.000,00;0,140000001
1780;1848;3;1;20.000,00;0;TRUE;0,00;20.000,00;0,140000001
1781;1849;3;1;20.000,00;0;TRUE;0,00;20.000,00;0,140000001
1782;1850;2;1;10.000,00;0;TRUE;0,00;10.000,00;0,140000001
1783;1851;2;1;8.000,00;0;TRUE;0,00;8.000,00;0,140000001
1784;1852;2;1;8.000,00;0;TRUE;0,00;8.000,00;0,140000001
1785;1853;35;1;8.000,00;0;TRUE;0,00;8.000,00;0,140000001
1786;1854;35;1;8.000,00;0;TRUE;0,00;8.000,00;0,140000001
1787;1855;35;1;8.000,00;0;TRUE;0,00;8.000,00;0,140000001
1788;1856;35;1;8.000,00;0;TRUE;0,00;8.000,00;0,140000001
1789;1857;35;1;8.000,00;0;TRUE;0,00;8.000,00;0,140000001
1790;1858;35;1;8.000,00;0;TRUE;0,00;8.000,00;0,140000001
1791;1859;35;1;8.000,00;0;TRUE;0,00;8.000,00;0,140000001
1792;1860;2;1;10.000,00;0;TRUE;0,00;10.000,00;0,140000001
1793;1861;2;1;10.000,00;0;TRUE;0,00;10.000,00;0
1794;1862;170;1;15.000,00;0;TRUE;0,00;15.000,00;0,140000001
1795;1863;120;1;15.000,00;0;TRUE;0,00;15.000,00;0,140000001
1796;1864;35;1;8.000,00;0;TRUE;0,00;8.000,00;0,140000001
1797;1865;35;1;8.000,00;0;TRUE;0,00;8.000,00;0,140000001
1798;1866;171;1;10.000,00;0;TRUE;0,00;10.000,00;0,140000001
1799;1867;88;1;9.000,00;0;TRUE;0,00;9.000,00;0,140000001
1800;1868;35;1;8.000,00;0;TRUE;0,00;8.000,00;0,140000001
1801;1869;35;1;8.000,00;0;TRUE;0,00;8.000,00;0,140000001
1802;1870;35;1;8.000,00;0;TRUE;0,00;8.000,00;0,140000001
1803;1871;2;1;8.000,00;0;TRUE;0,00;8.000,00;0,140000001
1804;1872;141;1;22.000,00;0;TRUE;0,00;22.000,00;0,140000001
1805;1873;120;1;13.000,00;0;TRUE;0,00;13.000,00;0,140000001
1806;1874;29;1;10.000,00;0;TRUE;0,00;10.000,00;0,140000001
1807;1875;35;1;8.000,00;0;TRUE;0,00;8.000,00;0,140000001
1808;1876;35;1;8.000,00;0;TRUE;0,00;8.000,00;0,140000001
1809;1877;35;1;8.000,00;0;TRUE;0,00;8.000,00;0,140000001
1810;1878;176;1;13.000,00;0;TRUE;0,00;13.000,00;0,140000001
1811;1879;35;1;8.000,00;0;TRUE;0,00;8.000,00;0,140000001
1812;1880;35;1;8.000,00;0;TRUE;0,00;8.000,00;0,140000001
1813;1881;35;1;8.000,00;0;TRUE;0,00;8.000,00;0,140000001
1814;1882;141;1;22.000,00;0;TRUE;0,00;22.000,00;0,140000001
1815;1883;35;1;8.000,00;0;TRUE;0,00;8.000,00;0,140000001
1816;1884;35;1;8.000,00;0;TRUE;0,00;8.000,00;0,140000001
1817;1885;35;1;8.000,00;0;TRUE;0,00;8.000,00;0,140000001
1818;1886;35;1;8.000,00;0;TRUE;0,00;8.000,00;0,140000001
1819;1887;2;1;18.000,00;0;TRUE;0,00;18.000,00;0,140000001
1820;1887;177;1;18.000,00;0;TRUE;0,00;18.000,00;0,140000001
1821;1888;78;1;11.000,00;0;TRUE;0,00;11.000,00;0,140000001
1823;1889;170;1;15.000,00;0;TRUE;0,00;15.000,00;0,140000001
1824;1890;120;1;15.000,00;0;TRUE;0,00;15.000,00;0,140000001
1825;1891;35;1;8.000,00;0;TRUE;0,00;8.000,00;0,140000001
1826;1892;179;1;5.000,00;0;TRUE;0,00;5.000,00;0
1827;1893;35;1;8.000,00;0;TRUE;0,00;8.000,00;0,140000001
1828;1894;35;1;8.000,00;0;TRUE;0,00;8.000,00;0,140000001
1829;1895;181;1;45.360,00;0;TRUE;0,00;45.360,00;0,140000001
1830;1896;35;1;8.000,00;0;TRUE;0,00;8.000,00;0,140000001
1831;1900;182;1;48.000,00;0;TRUE;0,00;48.000,00;0,140000001
1832;1901;182;1;48.000,00;0;TRUE;0,00;48.000,00;0,140000001
1833;1902;182;1;48.000,00;0;TRUE;0,00;48.000,00;0,140000001
1834;1903;159;1;22.000,00;0;TRUE;0,00;22.000,00;0,140000001
1835;1904;35;1;8.000,00;0;TRUE;0,00;8.000,00;0,140000001
1836;1905;41;1;29.975,00;0;TRUE;0,00;29.975,00;0,140000001
1837;1906;41;1;29.975,00;0;TRUE;0,00;29.975,00;0,140000001
1838;1907;41;1;29.975,00;0;TRUE;0,00;29.975,00;0,140000001
1839;1908;41;1;29.975,00;0;TRUE;0,00;29.975,00;0,140000001
1840;1909;35;1;8.000,00;0;TRUE;0,00;8.000,00;0,140000001
1841;1910;35;1;8.000,00;0;TRUE;0,00;8.000,00;0,140000001
1842;1911;41;1;0,00;0;TRUE;2.850,00;0,00;0,140000001
1843;1912;41;1;29.000,00;0;TRUE;0,00;29.000,00;0,140000001
1844;1913;41;1;0,00;0;TRUE;2.750,00;0,00;0,140000001
1845;1914;183;1;18.000,00;0;TRUE;0,00;18.000,00;0,140000001
1846;1915;41;1;29.975,00;0;TRUE;0,00;29.975,00;0,140000001
1847;1916;41;1;29.975,00;0;TRUE;0,00;29.975,00;0,140000001
1848;1917;41;1;0,00;0;TRUE;2.740,00;0,00;0,140000001
1849;1918;35;1;6.000,00;0;TRUE;0,00;6.000,00;0,140000001
1850;1919;108;1;8.000,00;0;TRUE;0,00;8.000,00;0,140000001
1851;1920;2;1;2.000,00;0;TRUE;0,00;2.000,00;0,140000001
1856;1921;184;1;5.500,00;0;TRUE;0,00;4.824,56;0,140000001
1857;1922;35;1;8.000,00;0;TRUE;0,00;8.000,00;0,140000001
1858;1923;41;1;0,00;0;TRUE;2.750,00;0,00;0,140000001
1859;1924;41;1;29.975,00;0;TRUE;0,00;29.975,00;0,140000001
1860;1925;41;1;29.975,00;0;TRUE;0,00;29.975,00;0,140000001
1861;1926;41;1;29.975,00;0;TRUE;0,00;29.975,00;0,140000001
1862;1927;35;1;8.000,00;0;TRUE;0,00;8.000,00;0,140000001
1863;1928;35;1;8.000,00;0;TRUE;0,00;8.000,00;0,140000001
1864;1929;35;1;8.000,00;0;TRUE;0,00;8.000,00;0,140000001
1865;1930;41;1;29.500,00;0;TRUE;0,00;29.500,00;0,140000001
1866;1931;35;1;8.000,00;0;TRUE;0,00;8.000,00;0,140000001
1867;1932;35;1;8.000,00;0;TRUE;0,00;8.000,00;0,140000001
1868;1933;41;1;29.975,00;0;TRUE;0,00;29.975,00;0,140000001
1869;1934;41;1;0,00;0;TRUE;2.750,00;0,00;0,140000001
1870;1935;35;1;8.000,00;0;TRUE;0,00;8.000,00;0,140000001
1871;1936;35;1;8.000,00;0;TRUE;0,00;8.000,00;0,140000001
1872;1937;41;1;29.975,00;0;TRUE;0,00;29.975,00;0,140000001
1873;1938;41;1;0,00;0;TRUE;2.750,00;0,00;0,140000001
1874;1939;107;1;0,00;0;TRUE;2.600,00;0,00;0,140000001
1875;1940;35;1;8.000,00;0;TRUE;0,00;8.000,00;0,140000001
1876;1941;35;1;8.000,00;0;TRUE;0,00;8.000,00;0,140000001
1877;1942;41;1;29.975,00;0;TRUE;0,00;29.975,00;0,140000001
1878;1943;41;1;29.975,00;0;TRUE;0,00;29.975,00;0,140000001
1879;1944;41;1;0,00;0;TRUE;2.850,00;0,00;0,140000001
1880;1945;41;1;0,00;0;TRUE;2.850,00;0,00;0,140000001
1881;1946;35;1;8.000,00;0;TRUE;0,00;8.000,00;0,140000001
1882;1947;35;1;8.000,00;0;TRUE;0,00;8.000,00;0,140000001
1883;1948;35;1;8.000,00;0;TRUE;0,00;8.000,00;0,140000001
1884;1949;35;1;8.000,00;0;TRUE;0,00;8.000,00;0,140000001
1885;1950;41;1;0,00;0;TRUE;2.750,00;0,00;0,140000001
1886;1951;41;1;29.975,00;0;TRUE;0,00;29.975,00;0,140000001
1887;1952;35;1;8.000,00;0;TRUE;0,00;8.000,00;0,140000001
1888;1953;35;1;8.000,00;0;TRUE;0,00;8.000,00;0,140000001
1889;1954;35;1;8.000,00;0;TRUE;0,00;8.000,00;0,140000001
1890;1955;35;1;8.000,00;0;TRUE;0,00;8.000,00;0,140000001
1891;1956;41;1;29.975,00;0;TRUE;0,00;29.975,00;0,140000001
1892;1957;41;1;29.975,00;0;TRUE;0,00;29.975,00;0,140000001
1893;1958;185;1;3.000,00;0;TRUE;0,00;2.631,58;0,140000001
1894;1959;185;1;3.000,00;0;TRUE;0,00;2.631,58;0,140000001
1895;1960;35;1;8.000,00;0;TRUE;0,00;8.000,00;0,140000001
1896;1961;35;1;8.000,00;0;TRUE;0,00;8.000,00;0,140000001
1897;1962;41;1;0,00;0;TRUE;2.740,00;0,00;0,140000001
1898;1963;41;1;0,00;0;TRUE;2.850,00;0,00;0,140000001
1899;1964;41;1;0,00;0;TRUE;2.850,00;0,00;0,140000001
1900;1965;35;1;8.000,00;0;TRUE;0,00;8.000,00;0,140000001
1901;1966;35;1;8.000,00;0;TRUE;0,00;8.000,00;0,140000001
1902;1967;41;1;0,00;0;TRUE;2.750,00;0,00;0,140000001
1903;1968;186;1;0,00;0;TRUE;5.000,00;0,00;0,140000001
1904;1969;2;1;11.000,00;0;TRUE;0,00;11.000,00;0,140000001
1905;1970;35;1;8.000,00;0;TRUE;0,00;8.000,00;0,140000001
1906;1971;35;1;8.000,00;0;TRUE;0,00;8.000,00;0,140000001
1907;1972;41;1;0,00;0;TRUE;2.850,00;0,00;0,140000001
1908;1973;41;1;0,00;0;TRUE;2.840,00;0,00;0
1909;1974;41;1;0,00;0;TRUE;2.850,00;0,00;0,140000001
1910;1975;41;1;0,00;0;TRUE;2.850,00;0,00;0,140000001
1912;1976;41;1;0,00;0;TRUE;2.850,00;0,00;0,140000001
1913;1977;35;1;8.000,00;0;TRUE;0,00;8.000,00;0,140000001
1914;1973;125;1;;0;TRUE;100,00;;0,140000001
1915;1978;35;1;8.000,00;0;TRUE;0,00;8.000,00;0,140000001
1916;1979;41;1;0,00;0;TRUE;2.850,00;0,00;0,140000001
1917;1980;35;1;8.000,00;0;TRUE;0,00;8.000,00;0,140000001
1918;1981;187;1;0,00;0;TRUE;2.300,00;0,00;0,140000001
1919;1982;188;1;18.000,00;0;TRUE;0,00;18.000,00;0,140000001
1920;1983;29;1;5.000,00;0;TRUE;0,00;5.000,00;0,140000001
1921;1984;29;1;5.000,00;0;TRUE;0,00;5.000,00;0,140000001
1922;1986;41;1;0,00;0;TRUE;2.750,00;0,00;0,140000001
1923;1987;41;1;0,00;0;TRUE;2.750,00;0,00;0,140000001
1924;1988;29;1;5.000,00;0;TRUE;0,00;5.000,00;0,140000001
1925;1989;29;1;5.000,00;0;TRUE;0,00;5.000,00;0,140000001
1926;1990;189;1;4.000,00;0;TRUE;0,00;3.508,77;0,140000001
1927;1991;35;1;8.000,00;0;TRUE;0,00;8.000,00;0,140000001
1928;1992;41;1;30.320,00;0;TRUE;0,00;30.320,00;0,140000001
1929;1993;41;1;30.320,00;0;TRUE;0,00;30.320,00;0,140000001
1930;1994;41;1;0,00;0;TRUE;2.750,00;0,00;0,140000001
1931;1995;2;1;10.000,00;0;TRUE;0,00;10.000,00;0,140000001
1932;1996;35;1;8.000,00;0;TRUE;0,00;8.000,00;0,140000001
1933;1997;35;1;8.000,00;0;TRUE;0,00;8.000,00;0,140000001
1934;1998;41;1;0,00;0;TRUE;1.200,00;0,00;0,140000001
1935;1999;41;1;0,00;0;TRUE;1.790,00;0,00;0,140000001
1936;2000;35;1;8.000,00;0;TRUE;0,00;8.000,00;0,140000001
1937;2001;190;1;12.000,00;0;TRUE;0,00;10.526,32;0,140000001
1938;2002;191;1;0,00;0;TRUE;2.900,00;0,00;0,140000001
1939;2003;192;1;0,00;0;TRUE;2.800,00;0,00;0,140000001
1941;2004;41;1;0,00;0;TRUE;2.850,00;0,00;0,140000001
1942;2005;41;1;0,00;0;TRUE;2.850,00;0,00;0,140000001
1943;2007;183;1;18.000,00;0;TRUE;0,00;18.000,00;0,140000001
1944;2008;35;1;8.000,00;0;TRUE;0,00;8.000,00;0,140000001
1945;2009;41;1;0,00;0;TRUE;2.750,00;0,00;0,140000001
1946;2010;41;1;0,00;0;TRUE;2.750,00;0,00;0,140000001
1947;2011;161;1;4.000,00;0;TRUE;0,00;3.508,77;0,140000001
1948;2012;35;1;8.000,00;0;TRUE;0,00;8.000,00;0,140000001
1949;2006;35;1;8.000,00;0;TRUE;0,00;8.000,00;0,140000001
1950;2016;41;1;29.975,00;0;TRUE;0,00;29.975,00;0,140000001
1951;2017;41;1;0,00;0;TRUE;2.750,00;0,00;0,140000001
1952;2018;35;1;8.000,00;0;TRUE;0,00;8.000,00;0,140000001
1953;2019;41;1;0,00;0;TRUE;2.750,00;0,00;0,140000001
1954;2020;41;1;0,00;0;TRUE;2.750,00;0,00;0,140000001
1955;2021;41;1;0,00;0;TRUE;2.750,00;0,00;0,140000001
1956;2022;191;1;0,00;0;TRUE;2.900,00;0,00;0,140000001
1957;2023;191;1;0,00;0;TRUE;2.900,00;0,00;0,140000001
1958;2024;35;1;8.000,00;0;TRUE;0,00;8.000,00;0,140000001
1959;2025;35;1;8.000,00;0;TRUE;0,00;8.000,00;0,140000001
1960;2026;35;1;8.000,00;0;TRUE;0,00;8.000,00;0,140000001
1961;2027;35;1;8.000,00;0;TRUE;0,00;8.000,00;0,140000001
1962;2028;193;1;44.000,00;0;TRUE;0,00;44.000,00;0,140000001
1963;2029;193;1;44.000,00;0;TRUE;0,00;44.000,00;0,140000001
1964;2030;41;1;0,00;0;TRUE;2.750,00;0,00;0,140000001
1965;2031;2;1;6.000,00;0;TRUE;0,00;6.000,00;0,140000001
1966;2032;2;1;6.000,00;0;TRUE;0,00;6.000,00;0
1967;2033;29;1;5.000,00;0;TRUE;0,00;5.000,00;0
1968;2034;29;1;5.000,00;0;TRUE;0,00;5.000,00;0
1969;2035;3;1;10.000,00;0;TRUE;0,00;10.000,00;0,140000001
1970;2036;191;1;0,00;0;TRUE;2.900,00;0,00;0,140000001
1971;2037;21;1;13.000,00;0;TRUE;0,00;13.000,00;0,140000001
1972;2038;199;1;0,00;0;TRUE;1.900,00;0,00;0,140000001
1973;2039;198;1;15.000,00;0;TRUE;0,00;15.000,00;0,140000001
1974;2040;208;1;44.000,00;0;TRUE;0,00;44.000,00;0,140000001
1975;2043;208;1;44.000,00;0;TRUE;0,00;44.000,00;0,140000001
1976;2044;199;1;0,00;0;TRUE;1.900,00;0,00;0,140000001
1977;2045;200;1;0,00;0;TRUE;800,00;0,00;0,140000001
1978;2046;35;1;8.000,00;0;TRUE;0,00;8.000,00;0,140000001
1979;2039;201;1;2.000,00;0;TRUE;0,00;2.000,00;0,140000001
1980;2047;202;1;16.000,00;0;TRUE;0,00;16.000,00;0,140000001
1981;2048;203;1;38.000,00;0;TRUE;0,00;38.000,00;0,140000001
1982;2049;191;1;0,00;0;TRUE;2.900,00;0,00;0,140000001
1983;2050;35;1;8.000,00;0;TRUE;0,00;8.000,00;0,140000001
1987;2052;204;1;3.000,00;0;TRUE;0,00;2.631,58;0,140000001
1989;2051;199;1;0,00;0;TRUE;1.900,00;0,00;0,140000001
1990;2054;204;1;3.000,00;0;TRUE;0,00;2.631,58;0,140000001
1991;2056;191;1;0,00;0;TRUE;2.900,00;0,00;0,140000001
1992;2058;35;1;8.000,00;0;TRUE;0,00;8.000,00;0,140000001
1993;2059;2;1;10.000,00;0;TRUE;0,00;10.000,00;0,140000001
1994;2061;130;1;12.000,00;0;TRUE;0,00;12.000,00;0
1995;2062;208;1;44.000,00;0;TRUE;0,00;44.000,00;0,140000001
1996;2039;35;1;8.000,00;0;TRUE;0,00;8.000,00;0,140000001
1997;2064;21;1;12.000,00;0;TRUE;0,00;12.000,00;0,140000001
1998;2065;208;1;44.000,00;0;TRUE;0,00;44.000,00;0,140000001
1999;2066;218;1;34.000,00;0;TRUE;0,00;34.000,00;0,140000001
2000;2067;208;1;44.000,00;0;TRUE;0,00;44.000,00;0,140000001
2001;2068;208;1;44.000,00;0;TRUE;0,00;44.000,00;0,140000001
2002;2069;219;1;19.000,00;0;TRUE;0,00;19.000,00;0,140000001
2003;2071;214;1;3.000,00;0;TRUE;0,00;2.631,58;0,140000001
2004;2072;35;1;8.000,00;0;TRUE;0,00;8.000,00;0,140000001
2005;2073;191;1;0,00;0;TRUE;2.900,00;0,00;0,140000001
2006;2074;200;1;8.800,00;0;TRUE;0,00;8.800,00;0,140000001
2007;2075;35;1;8.000,00;0;TRUE;0,00;8.000,00;0,140000001
2008;2076;161;1;4.000,00;0;TRUE;0,00;3.508,77;0,140000001
2009;2077;217;1;12.000,00;0;TRUE;0,00;12.000,00;0,140000001
2010;2078;2;1;11.000,00;0;TRUE;0,00;11.000,00;0,140000001
2011;2080;208;1;44.000,00;0;TRUE;0,00;44.000,00;0,140000001
2012;2081;208;1;44.000,00;0;TRUE;0,00;44.000,00;0,140000001
2013;2080;125;1;1.000,00;0;TRUE;0,00;1.000,00;0,140000001
2014;2082;3;1;13.000,00;0;TRUE;0,00;13.000,00;0,140000001
2015;2083;3;1;13.000,00;0;TRUE;0,00;13.000,00;0,140000001
2016;2084;191;1;0,00;0;TRUE;2.900,00;0,00;0,140000001
2017;2085;35;1;8.000,00;0;TRUE;0,00;8.000,00;0,140000001
2018;2081;125;1;1.000,00;0;TRUE;0,00;1.000,00;0,140000001
2019;2086;216;1;13.000,00;0;TRUE;0,00;13.000,00;0,140000001
2020;2087;21;1;13.000,00;0;TRUE;0,00;13.000,00;0,140000001
2021;2088;35;1;8.000,00;0;TRUE;0,00;8.000,00;0,140000001
2022;2089;191;1;0,00;0;TRUE;2.900,00;0,00;0,140000001
2023;2090;161;1;4.000,00;0;TRUE;0,00;3.508,77;0,140000001
2024;2091;208;1;44.000,00;0;TRUE;0,00;44.000,00;0,140000001
2025;2092;35;1;2.500,00;0;TRUE;0,00;2.500,00;0
2026;2093;193;1;44.000,00;0;TRUE;0,00;44.000,00;0,140000001
2027;2093;125;1;1.413,00;0;TRUE;0,00;1.413,00;0,140000001
2028;2094;208;1;44.000,00;0;TRUE;0,00;44.000,00;0,140000001
2029;2095;218;1;34.000,00;0;TRUE;0,00;34.000,00;0,140000001
2030;2094;125;1;2.118,00;0;TRUE;0,00;2.118,00;0,140000001
2031;2096;2;1;10.000,00;0;TRUE;0,00;10.000,00;0,140000001
2032;2097;193;1;44.000,00;0;TRUE;0,00;44.000,00;0,140000001
2033;2098;71;1;10.000,00;0;TRUE;0,00;10.000,00;0,140000001
2034;2099;193;1;44.000,00;0;TRUE;0,00;44.000,00;0,140000001
2036;2100;159;1;20.000,00;0;TRUE;0,00;20.000,00;0
2037;2101;141;1;18.000,00;0;TRUE;0,00;18.000,00;0,140000001
2038;2102;193;1;44.000,00;0;TRUE;0,00;44.000,00;0,140000001
2039;2102;125;1;1.237,00;0;TRUE;0,00;1.237,00;0,140000001
2041;2103;208;1;44.000,00;0;TRUE;0,00;44.000,00;0,140000001
2042;2104;193;1;44.000,00;0;TRUE;0,00;44.000,00;0,140000001
2043;2105;193;1;44.000,00;0;TRUE;0,00;44.000,00;0,140000001
2044;2106;3;1;14.000,00;0;TRUE;0,00;14.000,00;0
2045;2107;29;1;3.000,00;0;TRUE;0,00;3.000,00;0,140000001
2046;2108;193;1;44.000,00;0;TRUE;0,00;44.000,00;0,140000001
2047;2109;2;1;10.000,00;0;TRUE;0,00;10.000,00;0,140000001
2048;2110;2;1;11.000,00;0;TRUE;0,00;11.000,00;0,140000001
2049;2105;125;1;1.237,00;0;TRUE;0,00;1.237,00;0,140000001
2050;2111;21;1;8.000,00;0;TRUE;0,00;8.000,00;0,140000001
2051;2112;222;1;8.000,00;0;TRUE;0,00;8.000,00;0,140000001
2052;2113;222;1;8.000,00;0;TRUE;0,00;8.000,00;0,140000001
2053;2114;21;1;8.000,00;0;TRUE;0,00;8.000,00;0,140000001
2054;2115;191;1;0,00;0;TRUE;2.900,00;0,00;0,140000001
2055;2116;214;1;3.000,00;0;TRUE;0,00;2.631,58;0,140000001
2056;2117;193;1;44.000,00;0;TRUE;0,00;44.000,00;0,140000001
2057;2108;125;1;1.237,00;0;TRUE;0,00;1.237,00;0,140000001
2058;2118;2;1;6.000,00;0;TRUE;0,00;6.000,00;0,140000001
2059;2119;2;1;6.000,00;0;TRUE;0,00;6.000,00;0,140000001
2060;2120;161;1;4.000,00;0;TRUE;0,00;3.508,77;0,140000001
2061;2121;193;1;44.000,00;0;TRUE;0,00;44.000,00;0,140000001
2062;2122;223;1;34.000,00;0;TRUE;0,00;34.000,00;0,140000001
2063;2121;125;1;1.237,00;0;TRUE;0,00;1.237,00;0,140000001
2064;2117;125;1;1.237,00;0;TRUE;0,00;1.237,00;0,140000001
2065;2123;21;1;8.000,00;0;TRUE;0,00;8.000,00;0,140000001
2066;2124;208;1;44.000,00;0;TRUE;0,00;44.000,00;0
2067;2124;125;1;1.237,00;0;TRUE;0,00;1.237,00;0,140000001
2068;2125;35;1;8.500,00;0;TRUE;0,00;8.500,00;0,140000001
2069;2126;2;1;8.000,00;0;TRUE;0,00;8.000,00;0
2071;2127;2;1;10.000,00;0;TRUE;0,00;10.000,00;0,140000001
2073;2128;191;1;0,00;0;TRUE;2.900,00;0,00;0,140000001
2074;2129;214;1;3.000,00;0;TRUE;0,00;2.631,58;0,140000001
2076;2130;218;1;34.000,00;0;TRUE;0,00;34.000,00;0,140000001
2077;2131;191;1;0,00;0;TRUE;2.900,00;0,00;0,140000001
2078;2132;2;1;5.000,00;0;TRUE;0,00;5.000,00;0,140000001
2079;2133;2;1;5.000,00;0;TRUE;0,00;5.000,00;0,140000001
2080;2134;191;1;0,00;0;TRUE;2.900,00;0,00;0,140000001
2081;2135;2;1;8.000,00;0;TRUE;0,00;8.000,00;0,140000001
2082;2136;192;1;0,00;0;TRUE;2.800,00;0,00;0,140000001
2083;2137;141;1;20.000,00;0;TRUE;0,00;20.000,00;0,140000001
2084;2138;29;1;10.000,00;0;TRUE;0,00;10.000,00;0,140000001
2085;2139;191;1;0,00;0;TRUE;2.900,00;0,00;0,140000001
2086;2140;35;1;8.000,00;0;TRUE;0,00;8.000,00;0,140000001
2087;2141;193;1;44.000,00;0;TRUE;0,00;44.000,00;0,140000001
2088;2142;35;1;8.000,00;0;TRUE;0,00;8.000,00;0,140000001
2089;2143;214;1;3.000,00;0;TRUE;0,00;2.631,58;0,140000001
2090;2144;161;1;4.000,00;0;TRUE;0,00;3.508,77;0,140000001
2091;2146;161;1;4.000,00;0;TRUE;0,00;3.508,77;0,140000001
2092;2147;187;1;0,00;0;TRUE;2.300,00;0,00;0,140000001
2093;2148;224;32;7.410,00;0;TRUE;0,00;6.500,00;0,140000001
2094;2150;224;32;7.410,00;0;TRUE;0,00;6.500,00;0,140000001
2095;2151;224;35;7.410,00;0;TRUE;0,00;6.500,00;0,140000001
2096;2152;224;37;7.410,00;0;TRUE;0,00;6.500,00;0,140000001
2097;2153;224;36;7.410,00;0;TRUE;0,00;6.500,00;0,140000001
2098;2154;2;1;10.000,00;0;TRUE;0,00;10.000,00;0,140000001
2099;2155;191;1;0,00;0;TRUE;2.900,00;0,00;0,140000001
2100;2156;29;1;9.000,00;0;TRUE;0,00;9.000,00;0,140000001
2101;2157;29;1;9.000,00;0;TRUE;0,00;9.000,00;0,140000001
2102;2158;204;1;3.000,00;0;TRUE;0,00;2.631,58;0,140000001
2103;2159;2;1;6.000,00;0;TRUE;0,00;6.000,00;0,140000001
2104;2160;2;1;6.000,00;0;TRUE;0,00;6.000,00;0,140000001
2105;2161;2;1;8.000,00;0;TRUE;0,00;8.000,00;0,140000001
2106;2162;2;1;8.000,00;0;TRUE;0,00;8.000,00;0,140000001
2107;2163;21;1;11.000,00;0;TRUE;0,00;11.000,00;0,140000001
2108;2164;88;1;12.000,00;0;TRUE;0,00;12.000,00;0,140000001
2109;2165;41;1;0,00;0;TRUE;2.800,00;0,00;0,140000001
2110;2166;41;1;0,00;0;TRUE;2.800,00;0,00;0,140000001
2111;2167;35;1;8.000,00;0;TRUE;0,00;8.000,00;0,140000001
2112;2168;35;1;8.000,00;0;TRUE;0,00;8.000,00;0,140000001
2113;2169;41;1;0,00;0;TRUE;2.800,00;0,00;0,140000001
2114;2170;41;1;0,00;0;TRUE;2.800,00;0,00;0,140000001
2115;2171;41;1;0,00;0;TRUE;2.800,00;0,00;0,140000001
2116;2172;41;1;0,00;0;TRUE;2.800,00;0,00;0,140000001
2117;2173;41;1;0,00;0;TRUE;2.800,00;0,00;0,140000001
2118;2174;41;1;0,00;0;TRUE;2.800,00;0,00;0,140000001
2119;2175;35;1;8.000,00;0;TRUE;0,00;8.000,00;0,140000001
2120;2176;224;24;7.410,00;0;TRUE;0,00;6.500,00;0,140000001
2121;2177;224;26;7.410,00;0;TRUE;0,00;6.500,00;0,140000001
2122;2178;35;1;8.000,00;0;TRUE;0,00;8.000,00;0,140000001
2123;2179;41;1;0,00;0;TRUE;2.800,00;0,00;0,140000001
2124;2180;3;1;13.000,00;0;TRUE;0,00;13.000,00;0,140000001
2125;2181;41;1;0,00;0;TRUE;2.800,00;0,00;0,140000001
2126;2182;221;1;18.000,00;0;TRUE;0,00;18.000,00;0,140000001
2127;2183;2;1;10.000,00;0;TRUE;0,00;10.000,00;0,140000001
2128;2184;2;1;10.000,00;0;TRUE;0,00;10.000,00;0,140000001
2129;2186;2;1;10.000,00;0;TRUE;0,00;10.000,00;0,140000001
2130;2187;193;1;47.000,00;0;TRUE;0,00;47.000,00;0,140000001
2131;2188;35;1;8.000,00;0;TRUE;0,00;8.000,00;0,140000001
2132;2189;35;1;8.000,00;0;TRUE;0,00;8.000,00;0,140000001
2133;2190;41;1;0,00;0;TRUE;2.800,00;0,00;0,140000001
2135;2191;41;1;0,00;0;TRUE;2.800,00;0,00;0,140000001
2136;2192;41;1;0,00;0;TRUE;2.600,00;0,00;0,140000001
2137;2193;41;1;0,00;0;TRUE;2.800,00;0,00;0,140000001
2138;2194;226;1;65.000,00;0;TRUE;0,00;65.000,00;0,140000001
2139;2195;2;1;8.000,00;0;TRUE;0,00;8.000,00;0,140000001
2140;2196;208;1;47.000,00;0;TRUE;0,00;47.000,00;0,140000001
2141;2197;35;1;8.000,00;0;TRUE;0,00;8.000,00;0,140000001
2142;2198;35;1;8.000,00;0;TRUE;0,00;8.000,00;0,140000001
2143;2199;35;1;8.000,00;0;TRUE;0,00;8.000,00;0,140000001
2144;2200;41;1;0,00;0;TRUE;2.800,00;0,00;0,140000001
2145;2201;193;1;47.000,00;0;TRUE;0,00;47.000,00;0,140000001
2146;2202;41;1;0,00;0;TRUE;2.800,00;0,00;0,140000001
2147;2203;35;1;8.000,00;0;TRUE;0,00;8.000,00;0,140000001
2148;2204;35;1;8.000,00;0;TRUE;0,00;8.000,00;0,140000001
2149;2206;228;1;9.000,00;0;TRUE;0,00;9.000,00;0,140000001
2150;2207;35;1;12.000,00;0;TRUE;0,00;12.000,00;0,140000001
2151;2208;193;1;47.000,00;0;TRUE;0,00;47.000,00;0,140000001
2152;2209;2;1;10.000,00;0;TRUE;0,00;10.000,00;0,140000001
2153;2210;217;1;12.000,00;0;TRUE;0,00;12.000,00;0,140000001
2154;2211;41;1;30.000,00;0;TRUE;0,00;30.000,00;0,140000001
2155;2212;41;1;0,00;0;TRUE;2.600,00;0,00;0,140000001
2156;2213;41;1;0,00;0;TRUE;2.600,00;0,00;0,140000001
2157;2214;41;1;0,00;0;TRUE;2.600,00;0,00;0,140000001
2158;2215;41;1;0,00;0;TRUE;2.700,00;0,00;0,140000001
2159;2216;41;1;0,00;0;TRUE;2.600,00;0,00;0,140000001
2160;2217;193;1;47.000,00;0;TRUE;0,00;47.000,00;0
2161;2218;35;1;8.000,00;0;TRUE;0,00;8.000,00;0,140000001
2162;2219;41;1;0,00;0;TRUE;2.600,00;0,00;0,140000001
2163;2220;141;1;18.000,00;0;TRUE;0,00;18.000,00;0,140000001
2164;2221;193;1;47.000,00;0;TRUE;0,00;47.000,00;0
2165;2222;35;1;8.000,00;0;TRUE;0,00;8.000,00;0,140000001
2166;2223;35;1;8.000,00;0;TRUE;0,00;8.000,00;0,140000001
2167;2224;35;1;8.000,00;0;TRUE;0,00;8.000,00;0,140000001
2168;2225;41;1;0,00;0;TRUE;2.700,00;0,00;0,140000001
2169;2226;35;1;8.000,00;0;TRUE;0,00;8.000,00;0,140000001
2170;2227;28;1;9.000,00;0;TRUE;0,00;9.000,00;0,140000001
2171;2228;35;1;8.000,00;0;TRUE;0,00;8.000,00;0,140000001
2172;2229;3;1;11.000,00;0;TRUE;0,00;11.000,00;0,140000001
2173;2230;3;1;1.000,00;0;TRUE;0,00;1.000,00;0,140000001
2174;2231;41;1;0,00;0;TRUE;2.700,00;0,00;0,140000001
2175;2232;41;1;0,00;0;TRUE;2.600,00;0,00;0,140000001
2176;2233;35;1;8.000,00;0;TRUE;0,00;8.000,00;0,140000001
2177;2234;35;1;8.000,00;0;TRUE;0,00;8.000,00;0,140000001
2178;2235;41;1;0,00;0;TRUE;2.700,00;0,00;0,140000001
2179;2236;41;1;0,00;0;TRUE;2.600,00;0,00;0,140000001
2180;2237;41;1;0,00;0;TRUE;2.600,00;0,00;0,140000001
2181;2238;41;1;47.000,00;0;TRUE;0,00;47.000,00;0
2182;2239;35;1;8.000,00;0;TRUE;0,00;8.000,00;0,140000001
2183;2240;41;1;0,00;0;TRUE;2.600,00;0,00;0,140000001
2184;2241;35;1;8.000,00;0;TRUE;0,00;8.000,00;0,140000001
2185;2242;41;1;0,00;0;TRUE;2.700,00;0,00;0,140000001
2186;2243;35;1;8.000,00;0;TRUE;0,00;8.000,00;0,140000001
2187;2244;35;1;8.000,00;0;TRUE;0,00;8.000,00;0,140000001
2188;2245;41;1;0,00;0;TRUE;2.800,00;0,00;0,140000001
2189;2246;2;1;10.000,00;0;TRUE;0,00;10.000,00;0,140000001
2190;2247;35;1;8.000,00;0;TRUE;0,00;8.000,00;0,140000001
2191;2248;2;1;11.000,00;0;TRUE;0,00;11.000,00;0,140000001
2192;2249;41;1;0,00;0;TRUE;2.700,00;0,00;0,140000001
2193;2250;41;1;0,00;0;TRUE;2.700,00;0,00;0,140000001
2194;2251;208;1;47.000,00;0;TRUE;0,00;47.000,00;0
2195;2252;41;1;0,00;0;TRUE;2.700,00;0,00;0,140000001
2196;2253;35;1;8.000,00;0;TRUE;0,00;8.000,00;0,140000001
2197;2254;41;1;0,00;0;TRUE;2.700,00;0,00;0,140000001
2198;2255;41;1;0,00;0;TRUE;2.700,00;0,00;0,140000001
2199;2256;35;1;8.000,00;0;TRUE;0,00;8.000,00;0,140000001
2200;2257;35;1;8.000,00;0;TRUE;0,00;8.000,00;0,140000001
2201;2252;125;1;0,00;0;TRUE;70,00;0,00;0,140000001
2202;2258;35;1;8.000,00;0;TRUE;0,00;8.000,00;0,140000001
2203;2259;35;1;8.000,00;0;TRUE;0,00;8.000,00;0,140000001
2204;2260;224;14;7.410,00;0;TRUE;0,00;6.500,00;0,140000001
2205;2261;224;14;7.410,00;0;TRUE;0,00;6.500,00;0,140000001
2206;2264;41;1;0,00;0;TRUE;2.700,00;0,00;0,140000001
2207;2265;41;1;0,00;0;TRUE;2.800,00;0,00;0,140000001
2208;2266;3;1;11.000,00;0;TRUE;0,00;11.000,00;0,140000001
2209;2267;3;1;1.000,00;0;TRUE;0,00;1.000,00;0,140000001
2210;2268;41;1;0,00;0;TRUE;2.800,00;0,00;0,140000001
2211;2269;35;1;8.000,00;0;TRUE;0,00;8.000,00;0,140000001
2212;2270;35;1;8.000,00;0;TRUE;0,00;8.000,00;0,140000001
2213;2271;41;1;0,00;0;TRUE;2.700,00;0,00;0,140000001
2214;2272;41;1;0,00;0;TRUE;2.700,00;0,00;0,140000001
2215;2273;41;1;0,00;0;TRUE;2.700,00;0,00;0,140000001
2216;2274;41;1;0,00;0;TRUE;2.700,00;0,00;0,140000001
2217;2275;35;1;8.000,00;0;TRUE;0,00;8.000,00;0,140000001
2218;2276;35;1;8.000,00;0;TRUE;0,00;8.000,00;0,140000001
2219;2277;41;1;0,00;0;TRUE;2.700,00;0,00;0,140000001
2220;2278;35;1;8.000,00;0;TRUE;0,00;8.000,00;0,140000001
2221;2279;35;1;8.000,00;0;TRUE;0,00;8.000,00;0,140000001
2222;2280;41;1;0,00;0;TRUE;2.700,00;0,00;0,140000001
2223;2281;35;1;8.000,00;0;TRUE;0,00;8.000,00;0,140000001
2224;2282;35;1;8.000,00;0;TRUE;0,00;8.000,00;0,140000001
2225;2283;41;1;0,00;0;TRUE;2.700,00;0,00;0,140000001
2226;2284;35;1;8.000,00;0;TRUE;0,00;8.000,00;0,140000001
2227;2285;35;1;8.000,00;0;TRUE;0,00;8.000,00;0,140000001
2228;2286;41;1;0,00;0;TRUE;2.700,00;0,00;0,140000001
2229;2287;35;1;8.000,00;0;TRUE;0,00;8.000,00;0,140000001
2230;2288;41;1;0,00;0;TRUE;2.700,00;0,00;0,140000001
2231;2289;35;1;8.000,00;0;TRUE;0,00;8.000,00;0,140000001
2232;2290;41;1;0,00;0;TRUE;2.700,00;0,00;0,140000001
2233;2291;41;1;0,00;0;TRUE;2.700,00;0,00;0,140000001
2234;2293;41;1;0,00;0;TRUE;2.700,00;0,00;0,140000001
2235;2294;41;1;0,00;0;TRUE;2.700,00;0,00;0,140000001
2236;2295;41;1;0,00;0;TRUE;2.700,00;0,00;0,140000001
2237;2296;108;1;8.000,00;0;TRUE;0,00;8.000,00;0,140000001
2238;2297;108;1;8.000,00;0;TRUE;0,00;8.000,00;0,140000001
2239;2298;108;1;8.000,00;0;TRUE;0,00;8.000,00;0,140000001
2240;2299;35;1;8.000,00;0;TRUE;0,00;8.000,00;0,140000001
2241;2300;35;1;8.000,00;0;TRUE;0,00;8.000,00;0,140000001
2242;2301;41;1;0,00;0;TRUE;2.800,00;0,00;0,140000001
2243;2302;35;1;8.000,00;0;TRUE;0,00;8.000,00;0,140000001
2244;2306;41;1;0,00;0;TRUE;2.800,00;0,00;0,140000001
2245;2307;41;1;0,00;0;TRUE;2.800,00;0,00;0,140000001
2246;2308;41;1;0,00;0;TRUE;2.800,00;0,00;0,140000001
2247;2309;41;1;0,00;0;TRUE;2.800,00;0,00;0,140000001
2248;2310;41;1;0,00;0;TRUE;2.800,00;0,00;0,140000001
2249;2311;108;1;8.000,00;0;TRUE;0,00;8.000,00;0,140000001
2250;2312;108;1;8.000,00;0;TRUE;0,00;8.000,00;0,140000001
2251;2313;41;1;0,00;0;TRUE;2.800,00;0,00;0,140000001
2252;2314;108;1;8.000,00;0;TRUE;0,00;8.000,00;0,140000001
2253;2315;41;1;0,00;0;TRUE;2.800,00;0,00;0,140000001
2254;2316;108;1;8.000,00;0;TRUE;0,00;8.000,00;0,140000001
2255;2318;108;1;8.000,00;0;TRUE;0,00;8.000,00;0,140000001
2256;2319;108;1;8.000,00;0;TRUE;0,00;8.000,00;0,140000001
2257;2321;41;1;0,00;0;TRUE;2.800,00;0,00;0,140000001
2258;2322;41;1;0,00;0;TRUE;2.800,00;0,00;0,140000001
2259;2323;41;1;0,00;0;TRUE;2.800,00;0,00;0,140000001
2260;2324;29;1;10.000,00;0;TRUE;0,00;10.000,00;0,140000001
2261;2325;41;1;0,00;0;TRUE;2.800,00;0,00;0,140000001
2262;2326;41;1;0,00;0;TRUE;2.800,00;0,00;0,140000001
2263;2327;41;1;0,00;0;TRUE;2.800,00;0,00;0,140000001
2264;2328;41;1;0,00;0;TRUE;2.800,00;0,00;0,140000001
2265;2329;41;1;0,00;0;TRUE;2.800,00;0,00;0
2266;2330;3;1;12.000,00;0;TRUE;0,00;12.000,00;0,140000001
2267;2331;3;1;12.000,00;0;TRUE;0,00;12.000,00;0,140000001
2268;2332;35;1;8.000,00;0;TRUE;0,00;8.000,00;0,140000001
2269;2333;35;1;8.000,00;0;TRUE;0,00;8.000,00;0,140000001
2270;2334;35;1;8.000,00;0;TRUE;0,00;8.000,00;0,140000001
2271;2335;35;1;8.000,00;0;TRUE;;8.000,00;0,140000001
2272;2336;35;1;10.000,00;0;TRUE;0,00;10.000,00;0,140000001
2273;2337;2;1;10.000,00;0;TRUE;0,00;10.000,00;0,140000001
2274;2338;41;1;0,00;0;TRUE;2.800,00;0,00;0,140000001
2275;2339;41;1;0,00;0;TRUE;2.800,00;0,00;0,140000001
2276;2340;35;1;8.000,00;0;TRUE;0,00;8.000,00;0,140000001
2277;2341;41;1;0,00;0;TRUE;2.800,00;0,00;0,140000001
2278;2342;41;1;0,00;0;TRUE;2.800,00;0,00;0
2279;2343;35;1;8.000,00;0;TRUE;0,00;8.000,00;0,140000001
2280;2344;35;1;8.000,00;0;TRUE;0,00;8.000,00;0,140000001
2281;2346;35;1;8.000,00;0;TRUE;0,00;8.000,00;0,140000001
2282;2347;35;1;8.000,00;0;TRUE;0,00;8.000,00;0,140000001
2283;2348;214;1;3.000,00;0;TRUE;0,00;2.631,58;0,140000001
2284;2349;214;1;3.000,00;0;TRUE;0,00;2.631,58;0,140000001
2285;2350;229;1;6.000,00;0;TRUE;0,00;5.263,16;0,140000001
2286;2351;214;1;3.000,00;0;TRUE;0,00;2.631,58;0,140000001
2287;2352;214;1;3.000,00;0;TRUE;0,00;2.631,58;0,140000001
2288;2353;229;1;6.000,00;0;TRUE;0,00;5.263,16;0,140000001
2289;2354;229;1;6.000,00;0;TRUE;0,00;5.263,16;0,140000001
2290;2356;2;1;10.000,00;0;TRUE;0,00;10.000,00;0,140000001
2291;2357;2;1;10.000,00;0;TRUE;0,00;10.000,00;0,140000001
2292;2358;88;1;12.000,00;0;TRUE;0,00;12.000,00;0,140000001
2293;2359;3;1;10.000,00;0;TRUE;0,00;10.000,00;0
2294;2360;2;1;10.000,00;0;TRUE;0,00;10.000,00;0,140000001
2295;2361;29;1;5.000,00;0;TRUE;0,00;5.000,00;0,140000001
2296;2362;29;1;5.000,00;0;TRUE;0,00;5.000,00;0,140000001
2297;2363;3;1;10.000,00;0;TRUE;0,00;10.000,00;0,140000001
2298;2364;2;1;10.000,00;0;TRUE;0,00;10.000,00;0,140000001
2299;2365;230;1;10.000,00;0;TRUE;0,00;10.000,00;0,140000001
2300;2366;229;1;6.000,00;0;TRUE;0,00;5.263,16;0,140000001
2301;2367;29;1;10.000,00;0;TRUE;0,00;10.000,00;0,140000001
2302;2368;29;1;10.000,00;0;TRUE;0,00;10.000,00;0,140000001
2303;2369;29;1;8.000,00;0;TRUE;0,00;8.000,00;0
2304;2370;29;1;10.000,00;0;TRUE;0,00;10.000,00;0,140000001
2305;2371;29;1;10.000,00;0;TRUE;0,00;10.000,00;0,140000001
2306;2372;2;1;8.000,00;0;TRUE;0,00;8.000,00;0,140000001
2307;2373;2;1;8.000,00;0;TRUE;0,00;8.000,00;0,140000001
2308;2374;221;1;25.000,00;0;TRUE;0,00;25.000,00;0,140000001
2309;2375;29;1;10.000,00;0;TRUE;0,00;10.000,00;0,140000001
2310;2376;29;1;10.000,00;0;TRUE;0,00;10.000,00;0,140000001
2311;2377;3;1;8.000,00;0;TRUE;0,00;8.000,00;0,140000001
2312;2378;29;1;10.000,00;0;TRUE;0,00;10.000,00;0,140000001
2313;2379;2;1;12.000,00;0;TRUE;0,00;12.000,00;0,140000001
2314;2380;2;1;12.000,00;0;TRUE;0,00;12.000,00;0,140000001
2315;2381;29;1;10.000,00;0;TRUE;0,00;10.000,00;0,140000001
2316;2382;29;1;10.000,00;0;TRUE;0,00;10.000,00;0,140000001
2317;2383;29;1;10.000,00;0;TRUE;0,00;10.000,00;0,140000001
2318;2384;29;1;10.000,00;0;TRUE;0,00;10.000,00;0,140000001
2319;2385;29;1;10.000,00;0;TRUE;0,00;10.000,00;0,140000001
2320;2386;231;1;28.000,00;0;TRUE;0,00;28.000,00;0
2321;2387;3;1;10.000,00;0;TRUE;0,00;10.000,00;0,140000001
2322;2388;29;1;10.000,00;0;TRUE;0,00;10.000,00;0
2323;2389;29;1;10.000,00;0;TRUE;0,00;10.000,00;0,140000001
2324;2391;29;1;10.000,00;0;TRUE;0,00;10.000,00;0,140000001
2325;2392;29;1;10.000,00;0;TRUE;0,00;10.000,00;0,140000001
2326;2394;88;1;10.000,00;0;TRUE;0,00;10.000,00;0,140000001
2327;2395;2;1;10.000,00;0;TRUE;0,00;10.000,00;0,140000001
2328;2396;2;1;10.000,00;0;TRUE;0,00;10.000,00;0,140000001
2329;2397;232;1;10.000,00;0;TRUE;0,00;10.000,00;0,140000001
2330;2398;3;1;10.000,00;0;TRUE;0,00;10.000,00;0,140000001
2331;2399;29;1;10.000,00;0;TRUE;0,00;10.000,00;0,140000001
2332;2400;29;1;10.000,00;0;TRUE;0,00;10.000,00;0,140000001
2333;2401;29;1;10.000,00;0;TRUE;0,00;10.000,00;0,140000001
2334;2402;29;1;10.000,00;0;TRUE;0,00;10.000,00;0,140000001
2335;2403;29;1;10.000,00;0;TRUE;0,00;10.000,00;0,140000001
2336;2405;2;1;10.000,00;0;TRUE;0,00;10.000,00;0,140000001
2337;2406;29;1;10.000,00;0;TRUE;0,00;10.000,00;0
2338;2407;141;1;22.000,00;0;TRUE;0,00;22.000,00;0
2339;2408;3;1;10.000,00;0;TRUE;0,00;10.000,00;0
2340;2409;35;1;8.000,00;0;TRUE;0,00;8.000,00;0,140000001
2341;2410;35;1;8.000,00;0;TRUE;0,00;8.000,00;0,140000001
2342;2411;29;1;10.000,00;0;TRUE;0,00;10.000,00;0,140000001
2343;2412;35;1;8.000,00;0;TRUE;0,00;8.000,00;0,140000001
2344;2413;35;1;8.000,00;0;TRUE;0,00;8.000,00;0,140000001
2345;2414;35;1;8.000,00;0;TRUE;0,00;8.000,00;0,140000001
2346;2415;230;1;10.000,00;0;TRUE;0,00;10.000,00;0,140000001
2347;2416;29;1;10.000,00;0;TRUE;0,00;10.000,00;0,140000001
2348;2417;29;1;10.000,00;0;TRUE;0,00;10.000,00;0,140000001
2349;2418;29;1;10.000,00;0;TRUE;0,00;10.000,00;0,140000001
2350;2419;29;1;10.000,00;0;TRUE;0,00;10.000,00;0,140000001
2351;2420;35;1;8.000,00;0;TRUE;0,00;8.000,00;0,140000001
2352;2421;35;1;8.000,00;0;TRUE;0,00;8.000,00;0,140000001
2353;2422;35;1;8.000,00;0;TRUE;0,00;8.000,00;0
2354;2423;29;1;10.000,00;0;TRUE;0,00;10.000,00;0
2355;2424;29;1;10.000,00;0;TRUE;0,00;10.000,00;0
2356;2425;214;1;3.000,00;0;TRUE;0,00;2.631,58;0,140000001
2357;2426;35;1;8.000,00;0;TRUE;0,00;8.000,00;0,140000001
2358;2427;35;1;8.000,00;0;TRUE;0,00;8.000,00;0,140000001
2359;2428;35;1;8.000,00;0;TRUE;0,00;8.000,00;0,140000001
2360;2429;35;1;8.000,00;0;TRUE;0,00;8.000,00;0,140000001
2361;2430;29;1;10.000,00;0;TRUE;0,00;10.000,00;0
2362;2431;29;1;10.000,00;0;TRUE;0,00;10.000,00;0,140000001
2363;2432;35;1;8.000,00;0;TRUE;0,00;8.000,00;0,140000001
2364;2433;29;1;10.000,00;0;TRUE;0,00;10.000,00;0,140000001
2365;2434;233;1;10.000,00;0;TRUE;0,00;10.000,00;0,140000001
2366;2435;35;1;10.000,00;0;TRUE;0,00;10.000,00;0,140000001
2367;2436;2;1;10.000,00;0;TRUE;0,00;10.000,00;0,140000001
2368;2437;235;1;10.000,00;0;TRUE;0,00;10.000,00;0,140000001
2369;2438;150;1;10.000,00;0;TRUE;0,00;10.000,00;0,140000001
2370;2439;234;1;10.000,00;0;TRUE;0,00;10.000,00;0,140000001
2371;2440;236;1;10.000,00;0;TRUE;0,00;10.000,00;0,140000001
2372;2441;41;1;29.300,00;0;TRUE;0,00;29.300,00;0,140000001
2373;2442;41;1;29.300,00;0;TRUE;0,00;29.300,00;0,140000001
2374;2443;3;1;10.000,00;0;TRUE;0,00;10.000,00;0,140000001
2375;2444;238;1;10.000,00;0;TRUE;0,00;10.000,00;0,140000001
2376;2445;108;1;8.000,00;0;TRUE;0,00;8.000,00;0,140000001
2377;2446;108;1;8.000,00;0;TRUE;0,00;8.000,00;0,140000001
2378;2447;224;27;7.410,00;0;TRUE;0,00;6.500,00;0,140000001
2379;2448;29;1;10.000,00;0;TRUE;0,00;10.000,00;0,140000001
2380;2449;41;1;29.300,00;0;TRUE;0,00;29.300,00;0,140000001
2381;2450;221;1;25.000,00;0;TRUE;0,00;25.000,00;0,140000001
2382;2451;3;1;19.000,00;0;TRUE;0,00;19.000,00;0
2383;2452;41;1;29.300,00;0;TRUE;0,00;29.300,00;0,140000001
2384;2453;3;1;10.000,00;0;TRUE;0,00;10.000,00;0,140000001
2385;2454;35;1;8.000,00;0;TRUE;0,00;8.000,00;0,140000001
2386;2455;41;1;29.300,00;0;TRUE;0,00;29.300,00;0,140000001
2387;2456;35;1;8.000,00;0;TRUE;0,00;8.000,00;0,140000001
2388;2457;41;1;29.300,00;0;TRUE;0,00;29.300,00;0,140000001
2389;2458;41;1;29.300,00;0;TRUE;0,00;29.300,00;0,140000001
2390;2459;29;1;10.000,00;0;TRUE;0,00;10.000,00;0,140000001
2391;2460;141;1;10.000,00;0;TRUE;0,00;10.000,00;0
2392;2461;41;1;29.300,00;0;TRUE;0,00;29.300,00;0,140000001
2393;2462;41;1;29.300,00;0;TRUE;0,00;29.300,00;0,140000001
2394;2463;41;1;29.300,00;0;TRUE;0,00;29.300,00;0,140000001
2395;2465;41;1;0,00;0;TRUE;2.600,00;0,00;0,140000001
2396;2466;141;1;21.000,00;0;TRUE;0,00;21.000,00;0,140000001
2397;2467;217;1;10.000,00;0;TRUE;0,00;10.000,00;0,140000001
2398;2468;2;1;10.000,00;0;TRUE;0,00;10.000,00;0,140000001
2399;2469;41;1;29.300,00;0;TRUE;0,00;29.300,00;0,140000001
2400;2470;41;1;29.300,00;0;TRUE;0,00;29.300,00;0,140000001
2401;2471;35;1;8.000,00;0;TRUE;0,00;8.000,00;0,140000001
2402;2472;35;1;8.000,00;0;TRUE;0,00;8.000,00;0,140000001
2403;2473;35;1;8.000,00;0;TRUE;0,00;8.000,00;0,140000001
2404;2474;35;1;8.000,00;0;TRUE;0,00;8.000,00;0,140000001
2405;2475;35;1;8.000,00;0;TRUE;0,00;8.000,00;0,140000001
2406;2476;41;1;0,00;0;TRUE;2.700,00;0,00;0,140000001
2407;2477;41;1;0,00;0;TRUE;2.600,00;0,00;0,140000001
2408;2478;29;1;12.000,00;0;TRUE;0,00;12.000,00;0,140000001
2409;2479;2;1;12.000,00;0;TRUE;0,00;12.000,00;0,140000001
2410;2480;41;1;29.300,00;0;TRUE;0,00;29.300,00;0,140000001
2411;2481;41;1;0,00;0;TRUE;2.600,00;0,00;0,140000001
2412;2482;2;1;10.000,00;0;TRUE;0,00;10.000,00;0,140000001
2413;2483;35;1;8.000,00;0;TRUE;0,00;8.000,00;0,140000001
2414;2484;41;1;0,00;0;TRUE;2.700,00;0,00;0,140000001
2415;2485;224;35;7.410,00;0;TRUE;0,00;6.500,00;0,140000001
2416;2487;41;1;29.300,00;0;TRUE;0,00;29.300,00;0,140000001
2417;2488;41;1;29.300,00;0;TRUE;0,00;29.300,00;0,140000001
2418;2489;41;1;0,00;0;TRUE;2.600,00;0,00;0
2419;2490;41;1;28.000,00;0;TRUE;0,00;28.000,00;0
2420;2491;41;1;0,00;0;TRUE;2.600,00;0,00;0
2421;2492;35;1;8.000,00;0;TRUE;0,00;8.000,00;0
2422;2493;35;1;8.000,00;0;TRUE;0,00;8.000,00;0
2423;2494;239;1;3.000,00;0;TRUE;0,00;3.000,00;0
2424;2495;239;1;3.000,00;0;TRUE;0,00;3.000,00;0
2425;2496;239;1;3.000,00;0;TRUE;0,00;3.000,00;0
2426;2497;186;1;0,00;0;TRUE;5.000,00;0,00;0
2427;2498;193;1;40.000,00;0;TRUE;0,00;40.000,00;0
2428;2499;35;1;8.000,00;0;TRUE;0,00;8.000,00;0,140000001
2429;2500;41;1;0,00;0;TRUE;2.600,00;0,00;0,140000001
2430;2501;35;1;8.000,00;0;TRUE;0,00;8.000,00;0,140000001
2431;2502;35;1;8.000,00;0;TRUE;0,00;8.000,00;0,140000001
2432;2503;41;1;29.300,00;0;TRUE;0,00;29.300,00;0
2433;2504;193;1;40.000,00;0;TRUE;0,00;40.000,00;0
2434;2505;150;1;8.000,00;0;TRUE;0,00;8.000,00;0,140000001
2435;2506;2;1;28.000,00;0;TRUE;0,00;28.000,00;0,140000001
2436;2507;35;1;8.000,00;0;TRUE;0,00;8.000,00;0,140000001
2437;2508;35;1;8.000,00;0;TRUE;0,00;8.000,00;0,140000001
2438;2509;150;1;8.000,00;0;TRUE;0,00;8.000,00;0,140000001
2439;2510;41;1;29.300,00;0;TRUE;0,00;29.300,00;0,140000001
2440;2511;41;1;0,00;0;TRUE;2.600,00;0,00;0
2441;2512;41;1;28.000,00;0;TRUE;0,00;28.000,00;0,140000001
2442;2513;41;1;28.000,00;0;TRUE;0,00;28.000,00;0,140000001
2444;2514;3;1;10.000,00;0;TRUE;0,00;10.000,00;0
2445;2504;125;1;1.210,00;0;TRUE;0,00;1.210,00;0,140000001
2446;2515;35;1;8.000,00;0;TRUE;0,00;8.000,00;0,140000001
2447;2516;41;1;0,00;0;TRUE;2.600,00;0,00;0,140000001
2448;2517;188;1;10.000,00;0;TRUE;0,00;10.000,00;0,140000001
2449;2518;41;1;0,00;0;TRUE;2.600,00;0,00;0,140000001
2450;2519;35;1;8.000,00;0;TRUE;0,00;8.000,00;0,140000001
2451;2520;41;1;29.300,00;0;TRUE;0,00;29.300,00;0,140000001
2452;2521;233;1;10.000,00;0;TRUE;0,00;10.000,00;0,140000001
2453;2522;41;1;0,00;0;TRUE;2.600,00;0,00;0,140000001
2454;2523;41;1;28.000,00;0;TRUE;0,00;28.000,00;0,140000001
2455;2524;35;1;8.000,00;0;TRUE;0,00;8.000,00;0,140000001
2456;2525;41;1;0,00;0;TRUE;2.600,00;0,00;0,140000001
2457;2526;41;1;0,00;0;TRUE;2.700,00;0,00;0,140000001
2458;2527;35;1;8.000,00;0;TRUE;0,00;8.000,00;0,140000001
2459;2528;13;1;45.000,00;0;TRUE;0,00;45.000,00;0,140000001
2460;2528;125;1;1.205,00;0;TRUE;0,00;1.205,00;0,140000001
2461;2529;241;1;8.000,00;0;TRUE;0,00;8.000,00;0,140000001
2462;2530;35;1;8.000,00;0;TRUE;0,00;8.000,00;0,140000001
2463;2531;41;1;28.000,00;0;TRUE;0,00;28.000,00;0,140000001
2464;2532;41;1;28.080,00;0;TRUE;0,00;28.080,00;0
2465;2533;41;1;28.080,00;0;TRUE;0,00;28.080,00;0
2466;2534;35;1;8.000,00;0;TRUE;0,00;8.000,00;0,140000001
2467;2535;35;1;8.000,00;0;TRUE;0,00;8.000,00;0,140000001
2468;2536;41;1;0,00;0;TRUE;2.600,00;0,00;0,140000001
2469;2537;35;1;8.000,00;0;TRUE;0,00;8.000,00;0,140000001
2470;2538;190;1;14.000,00;0;TRUE;0,00;12.280,70;0,140000001
2471;2539;41;1;0,00;0;TRUE;2.600,00;0,00;0,140000001
2472;2540;2;1;8.000,00;0;TRUE;0,00;8.000,00;0,140000001
2473;2541;2;1;8.000,00;0;TRUE;0,00;8.000,00;0,140000001
2474;2542;190;1;14.000,00;0;TRUE;0,00;12.280,70;0,140000001
2475;2543;41;1;0,00;0;TRUE;2.600,00;0,00;0,140000001
2476;2544;41;1;28.000,00;0;TRUE;0,00;28.000,00;0
2477;2545;41;1;28.000,00;0;TRUE;0,00;28.000,00;0
2478;2546;2;1;10.000,00;0;TRUE;0,00;10.000,00;0,140000001
2479;2547;238;1;10.000,00;0;TRUE;0,00;10.000,00;0,140000001
2480;2548;2;1;10.000,00;0;TRUE;0,00;10.000,00;0,140000001
2481;2549;193;1;40.000,00;0;TRUE;0,00;40.000,00;0
2482;2550;193;1;40.000,00;0;TRUE;0,00;40.000,00;0
2483;2550;125;1;1.157,00;0;TRUE;0,00;1.157,00;0
2484;2551;192;1;0,00;0;TRUE;2.800,00;0,00;0
2485;2552;108;1;8.000,00;0;TRUE;0,00;8.000,00;0
2486;2553;21;1;11.000,00;0;TRUE;0,00;11.000,00;0
2487;2554;21;1;11.000,00;0;TRUE;0,00;11.000,00;0
2488;2555;191;1;0,00;0;TRUE;2.750,00;0,00;0
2489;2556;35;1;8.000,00;0;TRUE;0,00;8.000,00;0
2490;2557;224;40;7.410,00;0;TRUE;0,00;6.500,00;0,129999995
2491;2558;191;1;0,00;0;TRUE;2.750,00;0,00;0
2492;2559;193;1;45.000,00;0;TRUE;0,00;45.000,00;0
2493;2559;125;1;1.325,00;0;TRUE;0,00;1.325,00;0
2494;2560;192;1;0,00;0;TRUE;2.800,00;0,00;0
2495;2561;108;1;8.000,00;0;TRUE;0,00;8.000,00;0
2496;2562;35;1;8.000,00;0;TRUE;0,00;8.000,00;0
2497;2563;191;1;0,00;0;TRUE;2.750,00;0,00;0
2498;2564;35;1;8.000,00;0;TRUE;0,00;8.000,00;0
2499;2565;35;1;8.000,00;0;TRUE;0,00;8.000,00;0
2500;2567;191;1;0,00;0;TRUE;2.750,00;0,00;0
2501;2568;191;1;0,00;0;TRUE;2.800,00;0,00;0
2502;2569;108;1;8.000,00;0;TRUE;0,00;8.000,00;0
2503;2570;191;1;29.000,00;0;TRUE;0,00;29.000,00;0
2504;2571;191;1;29.000,00;0;TRUE;0,00;29.000,00;0
2505;2572;41;1;0,00;0;TRUE;2.600,00;0,00;0
2506;2573;2;1;10.000,00;0;TRUE;0,00;10.000,00;0
2507;2574;2;1;10.000,00;0;TRUE;0,00;10.000,00;0
2508;2575;193;1;45.000,00;0;TRUE;0,00;45.000,00;0
2509;2575;125;1;1.675,00;0;TRUE;0,00;1.675,00;0
2510;2576;35;1;8.500,00;0;TRUE;0,00;8.500,00;0
2511;2577;41;1;0,00;0;TRUE;2.700,00;0,00;0
2512;2578;35;1;8.000,00;0;TRUE;0,00;8.000,00;0
2513;2579;193;1;45.000,00;0;TRUE;0,00;45.000,00;0
2514;2579;125;1;660,00;0;TRUE;0,00;660,00;0
2515;2580;191;1;0,00;0;TRUE;2.850,00;0,00;0
2516;2581;41;1;0,00;0;TRUE;2.700,00;0,00;0
2517;2582;35;1;8.000,00;0;TRUE;0,00;8.000,00;0
2518;2583;35;1;8.000,00;0;TRUE;0,00;8.000,00;0
2519;2584;35;1;8.000,00;0;TRUE;0,00;8.000,00;0
2520;2585;193;1;45.000,00;0;TRUE;0,00;45.000,00;0
2521;2585;125;1;740,00;0;TRUE;0,00;740,00;0
2522;2586;35;1;8.000,00;0;TRUE;0,00;8.000,00;0
2523;2587;191;1;0,00;0;TRUE;2.850,00;0,00;0
2524;2588;192;1;0,00;0;TRUE;2.800,00;0,00;0
2525;2589;35;1;8.000,00;0;TRUE;0,00;8.000,00;0
2526;2590;193;1;45.000,00;0;TRUE;0,00;45.000,00;0
2527;2590;125;1;1.810,00;0;TRUE;0,00;1.810,00;0
2528;2591;191;1;0,00;0;TRUE;2.850,00;0,00;0
2529;2592;191;1;0,00;0;TRUE;2.800,00;0,00;0
2530;2593;35;1;8.000,00;0;TRUE;0,00;8.000,00;0
2531;2594;2;1;10.000,00;0;TRUE;0,00;10.000,00;0
2532;2595;41;1;29.300,00;0;TRUE;0,00;29.300,00;0
2533;2596;141;1;10.000,00;0;TRUE;0,00;10.000,00;0
2534;2597;35;1;8.000,00;0;TRUE;0,00;8.000,00;0
2535;2598;192;1;0,00;0;TRUE;2.800,00;0,00;0
2536;2599;191;1;0,00;0;TRUE;2.800,00;0,00;0
2537;2600;29;1;10.000,00;0;TRUE;0,00;10.000,00;0
2538;2601;35;1;8.000,00;0;TRUE;0,00;8.000,00;0
2539;2602;193;1;45.000,00;0;TRUE;0,00;45.000,00;0
2540;2602;125;1;1.140,00;0;TRUE;0,00;1.140,00;0
2541;2603;191;1;0,00;0;TRUE;2.850,00;0,00;0
2542;2604;193;1;45.000,00;0;TRUE;0,00;45.000,00;0
2543;2604;125;1;1.315,00;0;TRUE;0,00;1.315,00;0
2544;2605;35;1;8.000,00;0;TRUE;0,00;8.000,00;0
2545;2606;35;1;8.000,00;0;TRUE;0,00;8.000,00;0
2546;2607;191;1;0,00;0;TRUE;2.850,00;0,00;0
2547;2608;35;1;8.000,00;0;TRUE;0,00;8.000,00;0
2548;2609;2;1;10.000,00;0;TRUE;0,00;10.000,00;0
2549;2610;191;1;0,00;0;TRUE;2.800,00;0,00;0
2550;2611;191;1;0,00;0;TRUE;2.800,00;0,00;0
2551;2612;191;1;0,00;0;TRUE;2.850,00;0,00;0
2552;2613;35;1;8.000,00;0;TRUE;0,00;8.000,00;0
2553;2614;191;1;0,00;0;TRUE;2.850,00;0,00;0
2554;2615;191;1;0,00;0;TRUE;2.850,00;0,00;0
2555;2616;35;1;8.000,00;0;TRUE;0,00;8.000,00;0
2556;2617;108;1;8.000,00;0;TRUE;0,00;8.000,00;0
2557;2618;191;1;0,00;0;TRUE;2.800,00;0,00;0
2558;2619;191;1;0,00;0;TRUE;2.800,00;0,00;0
2559;2620;191;1;0,00;0;TRUE;2.850,00;0,00;0
2560;2621;241;1;8.000,00;0;TRUE;0,00;8.000,00;0
2561;2622;2;1;10.000,00;0;TRUE;0,00;10.000,00;0
2562;2623;108;1;8.500,00;0;TRUE;0,00;8.500,00;0
2563;2624;193;1;45.000,00;0;TRUE;0,00;45.000,00;0
2564;2625;191;1;0,00;0;TRUE;2.800,00;0,00;0
2565;2626;35;1;8.000,00;0;TRUE;0,00;8.000,00;0
2566;2624;125;1;1.315,00;0;TRUE;0,00;1.315,00;0
2567;2627;35;1;8.000,00;0;TRUE;0,00;8.000,00;0
2568;2628;192;1;0,00;0;TRUE;2.800,00;0,00;0
2569;2629;108;1;8.000,00;0;TRUE;0,00;8.000,00;0
2570;2630;191;1;0,00;0;TRUE;2.800,00;0,00;0
2571;2631;35;1;8.000,00;0;TRUE;0,00;8.000,00;0
2572;2632;191;1;0,00;0;TRUE;2.850,00;0,00;0
2573;2633;35;1;8.500,00;0;TRUE;0,00;8.500,00;0
2574;2634;191;1;0,00;0;TRUE;2.850,00;0,00;0
2575;2635;191;1;0,00;0;TRUE;2.800,00;0,00;0
2576;2636;29;1;10.000,00;0;TRUE;0,00;10.000,00;0
2577;2637;191;1;0,00;0;TRUE;2.850,00;0,00;0
2578;2638;108;1;8.500,00;0;TRUE;0,00;8.500,00;0
2579;2639;192;1;;0;TRUE;2.800,00;;0
2580;2640;108;1;8.000,00;0;TRUE;0,00;8.000,00;0
2581;2641;208;1;0,00;0;TRUE;3.900,00;0,00;0
2582;2642;192;1;0,00;0;TRUE;2.800,00;0,00;0
2584;2643;29;1;10.000,00;0;TRUE;0,00;10.000,00;0
2585;2644;192;1;0,00;0;TRUE;2.800,00;0,00;0
2586;2645;108;1;8.000,00;0;TRUE;0,00;8.000,00;0
2587;2646;191;1;0,00;0;TRUE;2.800,00;0,00;0
2588;2647;35;1;8.000,00;0;TRUE;0,00;8.000,00;0
2589;2648;29;1;10.000,00;0;TRUE;0,00;10.000,00;0
2590;2649;29;1;10.000,00;0;TRUE;0,00;10.000,00;0
2591;2650;191;1;0,00;0;TRUE;2.800,00;0,00;0
2592;2651;29;1;10.000,00;0;TRUE;0,00;10.000,00;0
2593;2652;193;1;0,00;0;TRUE;3.900,00;0,00;0
2594;2653;191;1;0,00;0;TRUE;2.850,00;0,00;0
2595;2654;35;1;8.000,00;0;TRUE;0,00;8.000,00;0
2596;2655;2;1;8.000,00;0;TRUE;0,00;8.000,00;0
2597;2656;2;1;8.000,00;0;TRUE;0,00;8.000,00;0
2598;2658;224;29;7.345,00;0;TRUE;0,00;6.500,00;0,129999995
2599;2659;191;1;0,00;0;TRUE;2.800,00;0,00;0
2600;2660;35;1;8.000,00;0;TRUE;0,00;8.000,00;0
2603;2661;2;1;8.000,00;0;TRUE;0,00;8.000,00;0
2604;2662;191;1;0,00;0;TRUE;2.800,00;0,00;0
2605;2663;35;1;8.000,00;0;TRUE;0,00;8.000,00;0
2606;2664;35;1;8.000,00;0;TRUE;0,00;8.000,00;0
2607;2665;35;1;8.000,00;0;TRUE;0,00;8.000,00;0
2608;2666;108;1;8.000,00;0;TRUE;0,00;8.000,00;0
2609;2667;108;1;8.000,00;0;TRUE;0,00;8.000,00;0
2610;2668;242;1;34.000,00;0;TRUE;0,00;34.000,00;0
2611;2669;243;1;120.000,00;0;TRUE;0,00;;0,129999995
2612;2670;191;1;0,00;0;TRUE;2.850,00;0,00;0
2613;2671;35;1;8.000,00;0;TRUE;0,00;8.000,00;0
2614;2672;192;1;0,00;0;TRUE;2.800,00;0,00;0
2615;2673;191;1;0,00;0;TRUE;2.850,00;0,00;0
2616;2674;191;1;0,00;0;TRUE;2.800,00;0,00;0
2617;2675;35;1;8.000,00;0;TRUE;0,00;8.000,00;0
2618;2676;35;1;8.000,00;0;TRUE;0,00;8.000,00;0
2619;2677;35;1;8.000,00;0;TRUE;0,00;8.000,00;0
2620;2678;191;1;0,00;0;TRUE;1.800,00;0,00;0
2621;2679;224;40;7.345,00;0;TRUE;0,00;6.500,00;0,129999995
2625;2676;;1;;0;TRUE;0,00;;0
2633;2675;;1;;0;TRUE;0,00;;0
2635;2678;;1;;0;TRUE;0,00;;0
2636;2681;193;1;42.000,00;0;TRUE;0,00;42.000,00;0
2637;2681;;1;;0;TRUE;0,00;0,00;0
2638;1245;;1;;0;TRUE;0,00;0,00;0
2639;1171;;1;;0;TRUE;0,00;0,00;0
2640;1031;;1;;0;TRUE;0,00;0,00;0
2641;943;;1;;0;TRUE;0,00;0,00;0
2642;930;;1;;0;TRUE;0,00;0,00;0
2643;921;;1;;0;TRUE;0,00;0,00;0
2644;2668;;1;;0;TRUE;0,00;0,00;0
2645;762;;1;;0;TRUE;0,00;0,00;0
2646;725;;1;;0;TRUE;0,00;0,00;0
2647;524;;1;;0;TRUE;0,00;0,00;0
2648;719;;1;;0;TRUE;0,00;0,00;0
2649;656;;1;;0;TRUE;0,00;0,00;0
2650;525;;1;;0;TRUE;0,00;0,00;0
2651;491;;1;;0;TRUE;0,00;0,00;0
2652;329;;1;;0;TRUE;0,00;0,00;0
2654;2682;191;1;0,00;0;TRUE;2.850,00;0,00;0
2655;2682;;1;;0;TRUE;0,00;0,00;0
2656;2683;108;1;8.000,00;0;TRUE;0,00;8.000,00;0
2657;2683;;1;;0;TRUE;0,00;0,00;0
2658;2684;108;1;8.000,00;0;TRUE;0,00;8.000,00;0
2659;2684;;1;;0;TRUE;0,00;0,00;0
2660;2685;35;1;8.000,00;0;TRUE;0,00;8.000,00;0
2661;2685;;1;;0;TRUE;0,00;0,00;0
2662;2686;191;1;0,00;0;TRUE;2.850,00;0,00;0
2663;2686;;1;;0;TRUE;0,00;0,00;0
2664;2687;35;1;8.500,00;0;TRUE;0,00;8.500,00;0
2665;2687;;1;;0;TRUE;0,00;0,00;0
2671;2693;41;1;0,00;0;TRUE;2.700,00;0,00;0
2672;2693;;1;;0;TRUE;0,00;0,00;0
2673;2694;41;1;0,00;0;TRUE;2.800,00;0,00;0
2674;2694;;1;;0;TRUE;0,00;0,00;0
2675;2695;41;1;0,00;0;TRUE;2.800,00;0,00;0
2676;2695;;1;;0;TRUE;0,00;0,00;0
2677;2696;41;1;0,00;0;TRUE;2.700,00;0,00;0
2678;2696;;1;;0;TRUE;0,00;0,00;0
2679;2697;41;1;0,00;0;TRUE;2.800,00;0,00;0
2680;2697;;1;;0;TRUE;0,00;0,00;0
2681;2698;41;1;0,00;0;TRUE;2.800,00;0,00;0
2682;2698;;1;;0;TRUE;0,00;0,00;0
2683;2699;41;1;0,00;0;TRUE;2.800,00;0,00;0
2684;2699;;1;;0;TRUE;0,00;0,00;0
2685;2700;35;1;8.000,00;0;TRUE;0,00;8.000,00;0
2686;2700;;1;;0;TRUE;0,00;0,00;0
2687;2701;35;1;8.000,00;0;TRUE;0,00;8.000,00;0
2688;2701;;1;;0;TRUE;0,00;0,00;0
2689;2702;35;1;8.000,00;0;TRUE;0,00;8.000,00;0
2690;2702;;1;;0;TRUE;0,00;0,00;0
2691;2703;35;1;8.000,00;0;TRUE;0,00;8.000,00;0
2692;2703;;1;;0;TRUE;0,00;0,00;0
2693;2704;35;1;8.000,00;0;TRUE;0,00;8.000,00;0
2694;2704;;1;;0;TRUE;0,00;0,00;0
2695;2705;35;1;8.000,00;0;TRUE;0,00;8.000,00;0
2696;2705;;1;;0;TRUE;0,00;0,00;0
2697;2706;107;1;0,00;0;TRUE;2.700,00;0,00;0
2698;2706;;1;;0;TRUE;0,00;0,00;0
2699;2707;41;1;0,00;0;TRUE;2.800,00;0,00;0
2700;2707;;1;;0;TRUE;0,00;0,00;0
2701;2708;35;1;8.000,00;0;TRUE;0,00;8.000,00;0
2702;2708;;1;;0;TRUE;0,00;0,00;0
2703;2709;29;1;8.000,00;0;TRUE;0,00;8.000,00;0
2704;2709;;1;;0;TRUE;0,00;0,00;0
2705;2710;41;1;0,00;0;TRUE;2.800,00;0,00;0
2706;2710;;1;;0;TRUE;0,00;0,00;0
2707;2711;35;1;8.000,00;0;TRUE;0,00;8.000,00;0
2708;2711;;1;;0;TRUE;0,00;0,00;0
2709;2712;191;1;0,00;0;TRUE;2.800,00;0,00;0
2710;2712;;1;;0;TRUE;0,00;0,00;0
2711;2713;35;1;8.000,00;0;TRUE;0,00;8.000,00;0
2712;2713;;1;;0;TRUE;0,00;0,00;0
2713;2714;41;1;0,00;0;TRUE;2.800,00;0,00;0
2714;2714;;1;;0;TRUE;0,00;0,00;0
2715;2715;192;1;0,00;0;TRUE;2.800,00;0,00;0
2716;2715;;1;;0;TRUE;0,00;0,00;0
2717;2716;35;1;8.000,00;0;TRUE;0,00;8.000,00;0
2718;2716;;1;;0;TRUE;0,00;0,00;0
2719;2717;161;1;4.000,00;0;TRUE;0,00;3.539,82;0,129999995
2720;2718;41;1;0,00;0;TRUE;2.700,00;0,00;0
2721;2718;;1;;0;TRUE;0,00;0,00;0
2722;2719;2;1;9.000,00;0;TRUE;0,00;9.000,00;0
2723;2719;;1;;0;TRUE;0,00;0,00;0
2724;2720;108;1;8.000,00;0;TRUE;0,00;8.000,00;0
2725;2720;;1;;0;TRUE;0,00;0,00;0
2726;2721;191;1;0,00;0;TRUE;2.800,00;0,00;0
2727;2721;;1;;0;TRUE;0,00;0,00;0
2728;2722;35;1;8.000,00;0;TRUE;0,00;8.000,00;0
2729;2722;;1;;0;TRUE;0,00;0,00;0
2730;2723;41;1;0,00;0;TRUE;2.700,00;0,00;0
2731;2723;;1;;0;TRUE;0,00;0,00;0
2732;2724;188;1;10.000,00;0;TRUE;0,00;10.000,00;0
2733;2724;;1;;0;TRUE;0,00;0,00;0
2734;2725;191;1;0,00;0;TRUE;2.800,00;0,00;0
2735;2725;;1;;0;TRUE;0,00;0,00;0
2736;2726;41;1;0,00;0;TRUE;2.700,00;0,00;0
2737;2726;;1;;0;TRUE;0,00;0,00;0
2738;2727;2;1;8.000,00;0;TRUE;0,00;8.000,00;0
2739;2727;;1;;0;TRUE;0,00;0,00;0
2740;2728;41;1;0,00;0;TRUE;2.800,00;0,00;0
2741;2728;;1;;0;TRUE;0,00;0,00;0
2742;2729;35;1;8.000,00;0;TRUE;0,00;8.000,00;0
2743;2729;;1;;0;TRUE;0,00;0,00;0
2744;2730;35;1;8.000,00;0;TRUE;0,00;8.000,00;0
2745;2730;;1;;0;TRUE;0,00;0,00;0
2746;2731;41;1;0,00;0;TRUE;2.800,00;0,00;0
2749;2731;125;1;1.000,00;0;TRUE;80,00;0,00;0
2750;2731;;1;;0;TRUE;0,00;0,00;0
2751;2732;191;1;0,00;0;TRUE;2.800,00;0,00;0
2752;2732;;1;;0;TRUE;0,00;0,00;0
2753;2733;191;1;0,00;0;TRUE;2.800,00;0,00;0
2754;2733;;1;;0;TRUE;0,00;0,00;0
2755;2734;41;1;0,00;0;TRUE;2.700,00;0,00;0
2756;2734;;1;;0;TRUE;0,00;0,00;0
2757;2731;;1;;0;TRUE;0,00;0,00;0
2758;2731;;1;;0;TRUE;0,00;0,00;0
2759;2731;;1;;0;TRUE;0,00;0,00;0
2766;2731;;1;0,00;0;TRUE;0,00;0,00;0
2768;2731;;1;;0;TRUE;0,00;0,00;0
2769;2731;;1;;0;TRUE;0,00;0,00;0
2770;2731;;1;;0;TRUE;0,00;0,00;0
2771;2735;41;1;0,00;0;TRUE;2.800,00;0,00;0
2772;2735;;1;;0;TRUE;0,00;0,00;0
2773;2736;35;1;8.000,00;0;TRUE;0,00;8.000,00;0
2775;2737;35;1;8.000,00;0;TRUE;0,00;8.000,00;0
2776;2737;;1;;0;TRUE;0,00;0,00;0
2777;2738;3;1;10.000,00;0;TRUE;0,00;10.000,00;0
2778;2738;;1;;0;TRUE;0,00;0,00;0
2779;2739;35;1;8.000,00;0;TRUE;0,00;8.000,00;0
2780;2739;;1;;0;TRUE;0,00;0,00;0
2781;2740;35;1;8.000,00;0;TRUE;0,00;8.000,00;0
2782;2740;;1;;0;TRUE;0,00;0,00;0
2783;2741;224;30;7.345,00;0;TRUE;0,00;6.500,00;0,129999995
2785;2743;41;1;0,00;0;TRUE;2.800,00;0,00;0
2786;2743;;1;;0;TRUE;0,00;0,00;0
2787;2744;41;1;0,00;0;TRUE;2.800,00;0,00;0
2788;2744;;1;;0;TRUE;0,00;0,00;0
2789;2745;35;1;8.000,00;0;TRUE;0,00;8.000,00;0
2790;2745;;1;;0;TRUE;0,00;0,00;0
2791;2746;35;1;8.000,00;0;TRUE;0,00;8.000,00;0
2792;2746;;1;;0;TRUE;0,00;0,00;0
2793;2747;41;1;0,00;0;TRUE;2.800,00;0,00;0
2794;2747;;1;;0;TRUE;0,00;0,00;0
2795;2748;41;1;0,00;0;TRUE;2.800,00;0,00;0
2796;2748;;1;;0;TRUE;0,00;0,00;0
2797;2749;108;1;8.000,00;0;TRUE;0,00;8.000,00;0
2798;2749;;1;;0;TRUE;0,00;0,00;0
2799;2750;29;1;8.000,00;0;TRUE;0,00;8.000,00;0
2800;2750;;1;;0;TRUE;0,00;0,00;0
2801;2751;41;1;0,00;0;TRUE;2.800,00;0,00;0
2802;2751;;1;;0;TRUE;0,00;0,00;0
2803;2752;41;1;0,00;0;TRUE;2.800,00;0,00;0
2804;2752;;1;;0;TRUE;0,00;0,00;0
2805;2753;35;1;8.000,00;0;TRUE;0,00;;0
2806;2754;35;1;8.000,00;0;TRUE;0,00;8.000,00;0
2807;2754;;1;;0;TRUE;0,00;0,00;0
2808;2755;41;1;0,00;0;TRUE;2.800,00;0,00;0
2809;2755;;1;;0;TRUE;0,00;0,00;0
2810;2756;35;1;8.000,00;0;TRUE;0,00;8.000,00;0
2811;2756;;1;;0;TRUE;0,00;0,00;0
2812;2757;41;1;0,00;0;TRUE;2.800,00;0,00;0
2813;2757;;1;;0;TRUE;0,00;0,00;0
2814;2758;35;1;8.000,00;0;TRUE;0,00;8.000,00;0
2815;2758;;1;;0;TRUE;0,00;0,00;0
2816;2759;41;1;28.800,00;0;TRUE;0,00;28.800,00;0
2817;2759;;1;;0;TRUE;0,00;0,00;0
2818;2760;41;1;28.800,00;0;TRUE;0,00;28.800,00;0
2819;2760;;1;;0;TRUE;0,00;0,00;0
2820;2761;35;1;8.000,00;0;TRUE;0,00;8.000,00;0
2821;2761;;1;;0;TRUE;0,00;0,00;0
2822;2762;41;1;0,00;0;TRUE;2.700,00;0,00;0
2823;2762;;1;;0;TRUE;0,00;0,00;0
2824;2763;35;1;8.000,00;0;TRUE;0,00;8.000,00;0
2825;2763;;1;;0;TRUE;0,00;0,00;0
2826;2764;35;1;8.000,00;0;TRUE;0,00;8.000,00;0
2827;2764;;1;;0;TRUE;0,00;0,00;0
2828;2765;41;1;0,00;0;TRUE;2.700,00;0,00;0
2829;2765;;1;;0;TRUE;0,00;0,00;0
2830;2766;41;1;0,00;0;TRUE;2.800,00;0,00;0
2831;2766;;1;;0;TRUE;0,00;0,00;0
2832;2767;35;1;8.000,00;0;TRUE;0,00;8.000,00;0
2833;2767;;1;;0;TRUE;0,00;0,00;0
2834;2768;35;1;8.000,00;0;TRUE;0,00;8.000,00;0
2835;2768;;1;;0;TRUE;0,00;0,00;0
2836;2769;41;1;28.800,00;0;TRUE;0,00;28.800,00;0
2837;2769;;1;;0;TRUE;0,00;0,00;0
2838;2770;41;1;0,00;0;TRUE;2.800,00;0,00;0
2839;2770;;1;;0;TRUE;0,00;0,00;0
2840;2771;35;1;8.000,00;0;TRUE;0,00;8.000,00;0
2841;2771;;1;;0;TRUE;0,00;0,00;0
2842;2772;35;1;8.000,00;0;TRUE;0,00;8.000,00;0
2843;2772;;1;;0;TRUE;0,00;0,00;0
2844;2773;41;1;0,00;0;TRUE;2.800,00;0,00;0
2845;2773;;1;;0;TRUE;0,00;0,00;0
2846;2774;35;1;8.000,00;0;TRUE;0,00;8.000,00;0
2847;2774;;1;;0;TRUE;0,00;0,00;0
2848;2775;41;1;0,00;0;TRUE;2.800,00;0,00;0
2849;2775;;1;;0;TRUE;0,00;0,00;0
2850;2776;41;1;0,00;0;TRUE;2.800,00;0,00;0
2851;2776;;1;;0;TRUE;0,00;0,00;0
2852;2777;229;1;6.000,00;0;TRUE;0,00;5.309,73;0,129999995
2853;2778;29;1;10.000,00;0;TRUE;0,00;10.000,00;0
2854;2778;;1;;0;TRUE;0,00;0,00;0
2855;2779;35;1;8.000,00;0;TRUE;0,00;8.000,00;0
2856;2779;;1;;0;TRUE;0,00;0,00;0
2858;2781;35;1;8.000,00;0;TRUE;0,00;8.000,00;0
2859;2781;;1;;0;TRUE;0,00;0,00;0
2860;2782;41;1;0,00;0;TRUE;2.800,00;0,00;0
2861;2782;;1;;0;TRUE;0,00;0,00;0
2862;2783;244;1;30.000,00;0;TRUE;0,00;30.000,00;0
2863;2783;;1;;0;TRUE;0,00;0,00;0
2864;2784;35;1;8.000,00;0;TRUE;0,00;8.000,00;0
2865;2784;;1;;0;TRUE;0,00;0,00;0
2866;2785;41;1;28.800,00;0;TRUE;0,00;28.800,00;0
2867;2785;;1;;0;TRUE;0,00;0,00;0
2868;2786;41;1;0,00;0;TRUE;2.800,00;0,00;0
2869;2786;;1;;0;TRUE;0,00;0,00;0
2870;2787;35;1;8.000,00;0;TRUE;0,00;8.000,00;0
2871;2787;;1;;0;TRUE;0,00;0,00;0
2872;2788;41;1;0,00;0;TRUE;2.800,00;0,00;0
2873;2788;;1;;0;TRUE;0,00;0,00;0
2874;2789;245;1;12.000,00;0;TRUE;0,00;12.000,00;0
2875;2789;;1;;0;TRUE;0,00;0,00;0
2876;2790;41;1;0,00;0;TRUE;2.800,00;0,00;0
2877;2790;;1;;0;TRUE;0,00;0,00;0
2878;2791;29;1;8.000,00;0;TRUE;0,00;8.000,00;0
2879;2791;;1;;0;TRUE;0,00;0,00;0
2880;2792;35;1;8.000,00;0;TRUE;0,00;8.000,00;0
2881;2792;;1;;0;TRUE;0,00;0,00;0
2882;2793;191;1;0,00;0;TRUE;2.800,00;0,00;0
2883;2793;;1;;0;TRUE;0,00;0,00;0
2884;2794;41;1;0,00;0;TRUE;2.800,00;0,00;0
2885;2794;;1;;0;TRUE;0,00;0,00;0
2886;2795;41;1;0,00;0;TRUE;2.800,00;0,00;0
2887;2795;;1;;0;TRUE;0,00;0,00;0
2888;2796;35;1;8.000,00;0;TRUE;0,00;8.000,00;0
2889;2796;;1;;0;TRUE;0,00;0,00;0
2890;2797;35;1;8.000,00;0;TRUE;0,00;8.000,00;0
2891;2797;;1;;0;TRUE;0,00;0,00;0
2892;2798;35;1;8.000,00;0;TRUE;0,00;8.000,00;0
2893;2798;;1;;0;TRUE;0,00;0,00;0
2894;2799;41;1;0,00;0;TRUE;2.800,00;0,00;0
2895;2799;;1;;0;TRUE;0,00;0,00;0
2896;2800;41;1;0,00;0;TRUE;2.800,00;0,00;0
2897;2800;;1;;0;TRUE;0,00;0,00;0
2898;2801;41;1;0,00;0;TRUE;2.800,00;0,00;0
2899;2801;;1;;0;TRUE;0,00;0,00;0
2900;2802;35;1;8.000,00;0;TRUE;0,00;8.000,00;0
2901;2802;;1;;0;TRUE;0,00;0,00;0
2902;2803;35;1;8.000,00;0;TRUE;0,00;8.000,00;0
2903;2803;;1;;0;TRUE;0,00;0,00;0
2904;2804;35;1;8.000,00;0;TRUE;0,00;8.000,00;0
2905;2804;;1;;0;TRUE;0,00;0,00;0
2907;2806;29;1;14.000,00;0;TRUE;0,00;14.000,00;0
2908;2806;;1;;0;TRUE;0,00;0,00;0
2909;2807;41;1;28.800,00;0;TRUE;0,00;28.800,00;0
2910;2807;;1;;0;TRUE;0,00;0,00;0
2911;2808;41;1;0,00;0;TRUE;2.800,00;0,00;0
2912;2808;;1;;0;TRUE;0,00;0,00;0
2913;2809;35;1;8.000,00;0;TRUE;0,00;8.000,00;0
2914;2809;;1;;0;TRUE;0,00;0,00;0
2915;2810;35;1;8.000,00;0;TRUE;0,00;8.000,00;0
2916;2810;;1;;0;TRUE;0,00;0,00;0
2917;2811;41;1;0,00;0;TRUE;2.800,00;0,00;0
2918;2811;;1;;0;TRUE;0,00;0,00;0
2920;2813;41;1;0,00;0;TRUE;2.800,00;0,00;0
2921;2813;;1;;0;TRUE;0,00;0,00;0
2922;2814;35;1;8.000,00;0;TRUE;0,00;8.000,00;0
2923;2814;;1;;0;TRUE;0,00;0,00;0
2924;2815;35;1;8.000,00;0;TRUE;0,00;8.000,00;0
2925;2815;;1;;0;TRUE;0,00;0,00;0
2926;2816;186;1;50.000,00;0;TRUE;0,00;50.000,00;0
2927;2816;;1;;0;TRUE;0,00;0,00;0
2928;2817;2;1;9.000,00;0;TRUE;0,00;9.000,00;0
2929;2817;;1;;0;TRUE;0,00;0,00;0
2930;2818;41;1;0,00;0;TRUE;2.700,00;0,00;0
2931;2818;;1;;0;TRUE;0,00;0,00;0
2932;2819;41;1;0,00;0;TRUE;2.800,00;0,00;0
2933;2819;;1;;0;TRUE;0,00;0,00;0
2934;2820;108;1;8.000,00;0;TRUE;0,00;8.000,00;0
2935;2820;;1;;0;TRUE;0,00;0,00;0
2936;2821;108;1;8.000,00;0;TRUE;0,00;8.000,00;0
2937;2821;;1;;0;TRUE;0,00;0,00;0
2938;2822;41;1;0,00;0;TRUE;2.800,00;0,00;0
2939;2822;;1;;0;TRUE;0,00;0,00;0
2940;2823;41;1;0,00;0;TRUE;2.800,00;0,00;0
2941;2823;;1;;0;TRUE;0,00;0,00;0
2942;2824;35;1;8.000,00;0;TRUE;0,00;8.000,00;0
2943;2824;;1;;0;TRUE;0,00;0,00;0
2944;2825;35;1;8.000,00;0;TRUE;0,00;8.000,00;0
2945;2825;;1;;0;TRUE;0,00;0,00;0
2946;2826;41;1;0,00;0;TRUE;2.800,00;0,00;0
2947;2826;;1;;0;TRUE;0,00;0,00;0
2948;2827;41;1;28.800,00;0;TRUE;0,00;28.800,00;0
2949;2827;;1;;0;TRUE;0,00;0,00;0
2950;2828;41;1;0,00;0;TRUE;2.800,00;0,00;0
2951;2828;;1;;0;TRUE;0,00;0,00;0
2952;2829;35;1;8.000,00;0;TRUE;0,00;8.000,00;0
2953;2829;;1;;0;TRUE;0,00;0,00;0
2954;2830;233;1;9.000,00;0;TRUE;0,00;9.000,00;0
2955;2830;;1;;0;TRUE;0,00;0,00;0
2956;2831;41;1;28.800,00;0;TRUE;0,00;28.800,00;0
2957;2831;;1;;0;TRUE;0,00;0,00;0
2959;2833;35;1;8.000,00;0;TRUE;0,00;8.000,00;0
2960;2833;;1;;0;TRUE;0,00;0,00;0
2961;2834;35;1;8.000,00;0;TRUE;0,00;8.000,00;0
2963;2835;41;1;28.800,00;0;TRUE;0,00;28.800,00;0
2964;2835;;1;;0;TRUE;0,00;0,00;0
2965;2836;35;1;8.000,00;0;TRUE;0,00;8.000,00;0
2966;2836;;1;;0;TRUE;0,00;0,00;0
2967;2837;41;1;0,00;0;TRUE;2.800,00;0,00;0
2968;2837;;1;;0;TRUE;0,00;0,00;0
2969;2838;41;1;0,00;0;TRUE;2.800,00;0,00;0
2970;2838;;1;;0;TRUE;0,00;0,00;0
2971;2839;41;1;0,00;0;TRUE;2.600,00;0,00;0
2972;2839;;1;;0;TRUE;0,00;0,00;0
2973;2840;35;1;8.000,00;0;TRUE;0,00;8.000,00;0
2974;2840;;1;;0;TRUE;0,00;0,00;0
2975;2841;29;1;8.000,00;0;TRUE;0,00;8.000,00;0
2976;2841;;1;;0;TRUE;0,00;0,00;0
2977;2842;186;1;50.000,00;0;TRUE;0,00;50.000,00;0
2978;2842;;1;;0;TRUE;0,00;0,00;0
2979;2843;2;1;8.000,00;0;TRUE;0,00;8.000,00;0
2980;2843;;1;;0;TRUE;0,00;0,00;0
2981;2844;2;1;8.000,00;0;TRUE;0,00;8.000,00;0
2982;2844;;1;;0;TRUE;0,00;0,00;0
2983;2845;29;1;5.000,00;0;TRUE;0,00;5.000,00;0
2984;2845;;1;;0;TRUE;0,00;0,00;0
2985;2846;29;1;5.000,00;0;TRUE;0,00;5.000,00;0
2986;2846;;1;;0;TRUE;0,00;0,00;0
2987;2847;29;1;10.000,00;0;TRUE;0,00;10.000,00;0
2988;2847;;1;;0;TRUE;0,00;0,00;0
2989;2848;247;1;62.293,29;0;TRUE;0,00;62.293,29;0
2990;2848;;1;;0;TRUE;0,00;0,00;0
2991;2849;41;1;27.000,00;0;TRUE;0,00;27.000,00;0
2992;2849;;1;;0;TRUE;0,00;0,00;0
2993;2850;2;1;10.000,00;0;TRUE;0,00;10.000,00;0
2994;2850;;1;;0;TRUE;0,00;0,00;0
2995;2851;2;1;14.000,00;0;TRUE;0,00;14.000,00;0
2996;2851;;1;;0;TRUE;0,00;0,00;0
2997;2852;35;1;9.000,00;0;TRUE;0,00;9.000,00;0
2998;2852;;1;;0;TRUE;0,00;0,00;0
2999;2853;41;1;27.000,00;0;TRUE;0,00;27.000,00;0
3000;2853;;1;;0;TRUE;0,00;0,00;0
3001;2854;41;1;27.000,00;0;TRUE;0,00;27.000,00;0
3002;2854;;1;;0;TRUE;0,00;0,00;0
3003;2855;2;1;9.000,00;0;TRUE;0,00;9.000,00;0
3004;2855;;1;;0;TRUE;0,00;0,00;0
3005;2856;2;1;9.000,00;0;TRUE;0,00;9.000,00;0
3006;2856;;1;;0;TRUE;0,00;0,00;0
3007;2857;224;33;7.345,00;0;TRUE;0,00;6.500,00;0,129999995
3008;2857;;1;;0;TRUE;0,00;0,00;0
3009;2858;2;1;9.000,00;0;TRUE;0,00;9.000,00;0
3010;2858;;1;;0;TRUE;0,00;0,00;0
3011;2859;150;1;19.000,00;0;TRUE;0,00;19.000,00;0
3012;2859;;1;;0;TRUE;0,00;0,00;0
3013;2860;29;1;10.000,00;0;TRUE;0,00;10.000,00;0
3014;2860;;1;;0;TRUE;0,00;0,00;0
3015;2861;108;1;8.000,00;0;TRUE;0,00;8.000,00;0
3016;2861;;1;;0;TRUE;0,00;0,00;0
3017;2862;108;1;8.000,00;0;TRUE;0,00;8.000,00;0
3018;2862;;1;;0;TRUE;0,00;0,00;0
3019;2863;108;1;8.000,00;0;TRUE;0,00;8.000,00;0
3020;2863;;1;;0;TRUE;0,00;0,00;0
3021;2864;2;1;16.500,00;0;TRUE;0,00;16.500,00;0
3022;2864;;1;;0;TRUE;0,00;0,00;0
3023;2865;2;1;16.500,00;0;TRUE;0,00;16.500,00;0
3024;2865;;1;;0;TRUE;0,00;0,00;0
3025;2866;41;1;27.000,00;0;TRUE;0,00;27.000,00;0
3026;2866;;1;;0;TRUE;0,00;0,00;0
3027;2867;29;1;15.000,00;0;TRUE;0,00;15.000,00;0
3028;2867;;1;;0;TRUE;0,00;0,00;0
3029;2868;35;1;9.000,00;0;TRUE;0,00;9.000,00;0
3030;2868;;1;;0;TRUE;0,00;0,00;0
3031;2869;108;1;9.000,00;0;TRUE;0,00;9.000,00;0
3032;2869;;1;;0;TRUE;0,00;0,00;0
3033;2870;2;1;9.000,00;0;TRUE;0,00;9.000,00;0
3034;2870;;1;;0;TRUE;0,00;0,00;0
3035;2871;35;1;8.000,00;0;TRUE;0,00;8.000,00;0
3036;2871;;1;;0;TRUE;0,00;0,00;0
3037;2872;35;1;8.000,00;0;TRUE;0,00;8.000,00;0
3038;2872;;1;;0;TRUE;0,00;0,00;0
3039;2873;35;1;8.000,00;0;TRUE;0,00;8.000,00;0
3040;2873;;1;;0;TRUE;0,00;0,00;0
3042;2875;108;1;8.000,00;0;TRUE;0,00;8.000,00;0
3043;2875;;1;;0;TRUE;0,00;0,00;0
3044;2876;108;1;8.000,00;0;TRUE;0,00;8.000,00;0
3045;2876;;1;;0;TRUE;0,00;0,00;0
3046;2877;108;1;8.000,00;0;TRUE;0,00;8.000,00;0
3047;2877;;1;;0;TRUE;0,00;0,00;0
3048;2878;108;1;8.000,00;0;TRUE;0,00;8.000,00;0
3049;2878;;1;;0;TRUE;0,00;0,00;0
3050;2879;108;1;8.000,00;0;TRUE;0,00;8.000,00;0
3051;2879;;1;;0;TRUE;0,00;0,00;0
3052;2880;108;1;8.000,00;0;TRUE;0,00;8.000,00;0
3053;2880;;1;;0;TRUE;0,00;0,00;0
3054;2881;88;1;10.000,00;0;TRUE;0,00;10.000,00;0
3055;2881;;1;;0;TRUE;0,00;0,00;0
3056;2882;35;1;8.000,00;0;TRUE;0,00;8.000,00;0
3057;2882;;1;;0;TRUE;0,00;0,00;0
3058;2883;35;1;8.000,00;0;TRUE;0,00;8.000,00;0
3059;2883;;1;;0;TRUE;0,00;0,00;0
3060;2884;35;1;8.000,00;0;TRUE;0,00;8.000,00;0
3061;2884;;1;;0;TRUE;0,00;0,00;0
3062;2885;35;1;9.000,00;0;TRUE;0,00;9.000,00;0
3063;2885;;1;;0;TRUE;0,00;0,00;0
3064;2886;2;1;9.000,00;0;TRUE;0,00;9.000,00;0
3065;2886;;1;;0;TRUE;0,00;0,00;0
3066;2887;3;1;9.000,00;0;TRUE;0,00;9.000,00;0
3067;2887;;1;;0;TRUE;0,00;0,00;0
3068;2888;41;1;27.000,00;0;TRUE;0,00;27.000,00;0
3069;2888;;1;;0;TRUE;0,00;0,00;0
3070;2889;248;1;21.000,00;0;TRUE;0,00;21.000,00;0
3071;2889;;1;;0;TRUE;0,00;0,00;0
3072;2890;249;1;19.000,00;0;TRUE;0,00;19.000,00;0
3073;2890;;1;;0;TRUE;0,00;0,00;0
3074;2891;250;1;36.000,00;0;TRUE;0,00;36.000,00;0
3075;2891;;1;;0;TRUE;0,00;0,00;0
3076;2892;250;1;36.000,00;0;TRUE;0,00;36.000,00;0
3077;2892;;1;;0;TRUE;0,00;0,00;0
3078;2893;249;1;24.000,00;0;TRUE;0,00;24.000,00;0
3079;2893;;1;;0;TRUE;0,00;0,00;0
3080;2894;249;1;24.000,00;0;TRUE;0,00;24.000,00;0
3081;2894;;1;;0;TRUE;0,00;0,00;0
3082;2895;250;1;36.000,00;0;TRUE;0,00;36.000,00;0
3083;2895;;1;;0;TRUE;0,00;0,00;0
3084;2896;186;1;50.000,00;0;TRUE;0,00;50.000,00;0
3085;2896;;1;;0;TRUE;0,00;0,00;0
3086;2897;251;1;10.000,00;0;TRUE;0,00;10.000,00;0
3087;2897;;1;;0;TRUE;0,00;0,00;0
3088;2898;41;1;27.000,00;0;TRUE;0,00;27.000,00;0
3089;2898;;1;;0;TRUE;0,00;0,00;0
3090;2899;35;1;8.000,00;0;TRUE;0,00;8.000,00;0
3091;2899;;1;;0;TRUE;0,00;0,00;0
3092;2900;35;1;8.000,00;0;TRUE;0,00;8.000,00;0
3093;2900;;1;;0;TRUE;0,00;0,00;0
3094;2901;35;1;8.000,00;0;TRUE;0,00;8.000,00;0
3095;2901;;1;;0;TRUE;0,00;0,00;0
3096;2902;35;1;8.000,00;0;TRUE;0,00;8.000,00;0
3097;2902;;1;;0;TRUE;0,00;0,00;0
3098;2903;35;1;8.000,00;0;TRUE;0,00;8.000,00;0
3099;2903;;1;;0;TRUE;0,00;0,00;0
3100;2904;35;1;8.000,00;0;TRUE;0,00;8.000,00;0
3101;2904;;1;;0;TRUE;0,00;0,00;0
3103;2906;41;1;27.000,00;0;TRUE;0,00;27.000,00;0
3108;2907;108;1;8.000,00;0;TRUE;0,00;8.000,00;0
3113;2907;;1;;0;TRUE;0,00;0,00;0
3114;2906;;1;;0;TRUE;0,00;0,00;0
3115;2908;108;1;8.000,00;0;TRUE;0,00;8.000,00;0
3116;2908;;1;;0;TRUE;0,00;0,00;0
3117;2909;108;1;8.000,00;0;TRUE;0,00;8.000,00;0
3118;2909;;1;;0;TRUE;0,00;0,00;0
3119;2910;108;1;8.000,00;0;TRUE;0,00;8.000,00;0
3120;2910;;1;;0;TRUE;0,00;0,00;0
3121;2911;108;1;8.000,00;0;TRUE;0,00;8.000,00;0
3122;2911;;1;;0;TRUE;0,00;0,00;0
3123;2912;29;1;10.000,00;0;TRUE;0,00;10.000,00;0
3124;2912;;1;;0;TRUE;0,00;0,00;0
3125;2913;35;1;8.000,00;0;TRUE;0,00;8.000,00;0
3127;2913;;1;;0;TRUE;0,00;0,00;0
3128;2914;35;1;8.000,00;0;TRUE;0,00;8.000,00;0
3129;2914;;1;;0;TRUE;0,00;0,00;0
3130;2915;35;1;8.000,00;0;TRUE;0,00;8.000,00;0
3131;2915;;1;;0;TRUE;0,00;0,00;0
3132;2916;35;1;8.000,00;0;TRUE;0,00;8.000,00;0
3133;2916;;1;;0;TRUE;0,00;0,00;0
3134;2917;35;1;8.000,00;0;TRUE;0,00;8.000,00;0
3135;2917;;1;;0;TRUE;0,00;0,00;0
3136;2918;35;1;9.000,00;0;TRUE;0,00;9.000,00;0
3137;2918;;1;;0;TRUE;0,00;0,00;0
3138;2919;41;1;27.000,00;0;TRUE;0,00;27.000,00;0
3139;2919;;1;;0;TRUE;0,00;0,00;0
3140;2920;224;46;7.345,00;0;TRUE;0,00;6.500,00;0,129999995
3141;2921;41;1;27.000,00;0;TRUE;0,00;27.000,00;0
3142;2921;;1;;0;TRUE;0,00;0,00;0
3143;2922;141;1;10.000,00;0;TRUE;0,00;10.000,00;0
3144;2922;;1;;0;TRUE;0,00;0,00;0
3145;2923;41;1;21.000,00;0;TRUE;0,00;21.000,00;0
3146;2923;252;1;7.500,00;0;TRUE;0,00;7.500,00;0
3147;2923;;1;;0;TRUE;0,00;0,00;0
3148;2924;41;1;21.000,00;0;TRUE;0,00;21.000,00;0
3149;2924;;1;;0;TRUE;0,00;0,00;0
3150;2925;35;1;8.000,00;0;TRUE;0,00;8.000,00;0
3151;2925;;1;;0;TRUE;0,00;0,00;0
3155;2929;35;1;8.000,00;0;TRUE;0,00;8.000,00;0
3156;2929;;1;;0;TRUE;0,00;0,00;0
3157;2930;35;1;8.000,00;0;TRUE;0,00;8.000,00;0
3158;2930;;1;;0;TRUE;0,00;0,00;0
3159;2931;35;1;8.000,00;0;TRUE;0,00;8.000,00;0
3160;2931;;1;;0;TRUE;0,00;0,00;0
3161;2932;35;1;8.000,00;0;TRUE;0,00;8.000,00;0
3162;2932;;1;;0;TRUE;0,00;0,00;0
3163;2933;35;1;8.000,00;0;TRUE;0,00;8.000,00;0
3164;2933;;1;;0;TRUE;0,00;0,00;0
3166;2935;35;1;9.000,00;0;TRUE;0,00;9.000,00;0
3167;2935;;1;;0;TRUE;0,00;0,00;0
3168;2936;35;1;8.000,00;0;TRUE;0,00;8.000,00;0
3169;2936;;1;;0;TRUE;0,00;0,00;0
3170;2937;35;1;8.000,00;0;TRUE;0,00;8.000,00;0
3171;2937;;1;;0;TRUE;0,00;0,00;0
3172;2938;35;1;8.000,00;0;TRUE;0,00;8.000,00;0
3173;2938;;1;;0;TRUE;0,00;0,00;0
3174;2939;35;1;8.000,00;0;TRUE;0,00;8.000,00;0
3175;2939;;1;;0;TRUE;0,00;0,00;0
3176;2940;35;1;8.000,00;0;TRUE;0,00;8.000,00;0
3177;2940;;1;;0;TRUE;0,00;0,00;0
3178;2941;35;1;8.000,00;0;TRUE;0,00;8.000,00;0
3179;2941;;1;;0;TRUE;0,00;0,00;0
3180;2942;41;1;27.000,00;0;TRUE;0,00;27.000,00;0
3181;2942;;1;;0;TRUE;0,00;0,00;0
3182;2943;41;1;27.000,00;0;TRUE;0,00;27.000,00;0
3183;2943;;1;;0;TRUE;0,00;0,00;0
3184;2944;35;1;9.000,00;0;TRUE;0,00;9.000,00;0
3185;2944;;1;;0;TRUE;0,00;0,00;0
3186;2945;35;1;8.000,00;0;TRUE;0,00;8.000,00;0
3187;2945;;1;;0;TRUE;0,00;0,00;0
3188;2946;35;1;8.000,00;0;TRUE;0,00;8.000,00;0
3189;2946;;1;;0;TRUE;0,00;0,00;0
3190;2947;35;1;8.000,00;0;TRUE;0,00;8.000,00;0
3191;2947;;1;;0;TRUE;0,00;0,00;0
3192;2948;35;1;8.000,00;0;TRUE;0,00;8.000,00;0
3193;2948;;1;;0;TRUE;0,00;0,00;0
3194;2949;35;1;8.000,00;0;TRUE;0,00;8.000,00;0
3195;2949;;1;;0;TRUE;0,00;0,00;0
3196;2950;35;1;8.000,00;0;TRUE;0,00;8.000,00;0
3197;2950;;1;;0;TRUE;0,00;0,00;0
3198;2951;41;1;27.000,00;0;TRUE;0,00;27.000,00;0
3199;2951;;1;;0;TRUE;0,00;0,00;0
3200;2952;108;1;8.000,00;0;TRUE;0,00;8.000,00;0
3201;2952;;1;;0;TRUE;0,00;0,00;0
3202;2953;108;1;8.000,00;0;TRUE;0,00;8.000,00;0
3203;2953;;1;;0;TRUE;0,00;0,00;0
3204;2954;108;1;8.000,00;0;TRUE;0,00;8.000,00;0
3205;2954;;1;;0;TRUE;0,00;0,00;0
3206;2955;108;1;8.000,00;0;TRUE;0,00;8.000,00;0
3207;2955;;1;;0;TRUE;0,00;0,00;0
3208;2956;108;1;8.000,00;0;TRUE;0,00;8.000,00;0
3209;2956;;1;;0;TRUE;0,00;0,00;0
3210;2957;108;1;8.000,00;0;TRUE;0,00;8.000,00;0
3211;2957;;1;;0;TRUE;0,00;0,00;0
3212;2958;108;1;8.000,00;0;TRUE;0,00;8.000,00;0
3213;2958;;1;;0;TRUE;0,00;0,00;0
3214;2959;108;1;8.000,00;0;TRUE;0,00;8.000,00;0
3215;2959;;1;;0;TRUE;0,00;0,00;0
3216;2960;108;1;8.000,00;0;TRUE;0,00;8.000,00;0
3217;2960;;1;;0;TRUE;0,00;0,00;0
3218;2961;108;1;8.000,00;0;TRUE;0,00;8.000,00;0
3219;2961;;1;;0;TRUE;0,00;0,00;0
3221;2963;122;1;8.000,00;0;TRUE;0,00;8.000,00;0
3222;2963;;1;;0;TRUE;0,00;0,00;0
3223;2964;122;1;8.000,00;0;TRUE;0,00;8.000,00;0
3224;2964;;1;;0;TRUE;0,00;0,00;0
3225;2965;35;1;8.000,00;0;TRUE;0,00;8.000,00;0
3226;2965;;1;;0;TRUE;0,00;0,00;0
3227;2966;35;1;8.000,00;0;TRUE;0,00;8.000,00;0
3228;2966;;1;;0;TRUE;0,00;0,00;0
3229;2967;35;1;8.000,00;0;TRUE;0,00;8.000,00;0
3230;2967;;1;;0;TRUE;0,00;0,00;0
3231;2968;35;1;8.000,00;0;TRUE;0,00;8.000,00;0
3232;2968;;1;;0;TRUE;0,00;0,00;0
3233;2969;35;1;8.000,00;0;TRUE;0,00;8.000,00;0
3234;2969;;1;;0;TRUE;0,00;0,00;0
3235;2970;108;1;9.000,00;0;TRUE;0,00;9.000,00;0
3236;2970;;1;;0;TRUE;0,00;0,00;0
3237;2971;224;41;7.345,00;0;TRUE;0,00;6.500,00;0,129999995
3238;2972;2;1;9.000,00;0;TRUE;0,00;9.000,00;0
3239;2972;;1;;0;TRUE;0,00;0,00;0
3240;2973;120;1;9.000,00;0;TRUE;0,00;9.000,00;0
3242;2974;35;1;8.000,00;0;TRUE;0,00;8.000,00;0
3243;2974;;1;;0;TRUE;0,00;0,00;0
3244;2975;35;1;8.000,00;0;TRUE;0,00;8.000,00;0
3245;2975;;1;;0;TRUE;0,00;0,00;0
3246;2976;35;1;8.000,00;0;TRUE;0,00;8.000,00;0
3247;2976;;1;;0;TRUE;0,00;0,00;0
3248;2977;35;1;8.000,00;0;TRUE;0,00;8.000,00;0
3249;2977;;1;;0;TRUE;0,00;0,00;0
3250;2978;35;1;8.000,00;0;TRUE;0,00;8.000,00;0
3251;2978;;1;;0;TRUE;0,00;0,00;0
3252;2979;2;1;9.000,00;0;TRUE;0,00;9.000,00;0
3254;2980;2;1;9.000,00;0;TRUE;0,00;9.000,00;0
3256;2981;35;1;8.000,00;0;TRUE;0,00;8.000,00;0
3257;2981;;1;;0;TRUE;0,00;0,00;0
3258;2982;35;1;8.000,00;0;TRUE;0,00;8.000,00;0
3259;2982;;1;;0;TRUE;0,00;0,00;0
3260;2983;35;1;8.000,00;0;TRUE;0,00;8.000,00;0
3261;2983;;1;;0;TRUE;0,00;0,00;0
3262;2984;35;1;8.000,00;0;TRUE;0,00;8.000,00;0
3263;2984;;1;;0;TRUE;0,00;0,00;0
3264;2985;108;1;8.000,00;0;TRUE;0,00;8.000,00;0
3265;2985;;1;;0;TRUE;0,00;0,00;0
3266;2986;108;1;8.000,00;0;TRUE;0,00;8.000,00;0
3267;2986;;1;;0;TRUE;0,00;0,00;0
3268;2987;108;1;8.000,00;0;TRUE;0,00;8.000,00;0
3269;2987;;1;;0;TRUE;0,00;0,00;0
3273;2980;;1;;0;TRUE;0,00;0,00;0
3276;2979;;1;;0;TRUE;0,00;0,00;0
3278;2973;;1;;0;TRUE;0,00;0,00;0
3279;2988;108;1;8.000,00;0;TRUE;0,00;8.000,00;0
3280;2988;;1;;0;TRUE;0,00;0,00;0
3281;2989;108;1;8.000,00;0;TRUE;0,00;8.000,00;0
3282;2989;;1;;0;TRUE;0,00;0,00;0
3283;2990;108;1;8.000,00;0;TRUE;0,00;8.000,00;0
3284;2990;;1;;0;TRUE;0,00;0,00;0
3285;2991;108;1;8.000,00;0;TRUE;0,00;8.000,00;0
3286;2991;;1;;0;TRUE;0,00;0,00;0
3287;2992;108;1;8.000,00;0;TRUE;0,00;8.000,00;0
3288;2992;;1;;0;TRUE;0,00;0,00;0
3289;2993;108;1;8.000,00;0;TRUE;0,00;8.000,00;0
3290;2993;;1;;0;TRUE;0,00;0,00;0
3291;2994;108;1;8.000,00;0;TRUE;0,00;8.000,00;0
3292;2994;;1;;0;TRUE;0,00;0,00;0
3293;2995;108;1;8.000,00;0;TRUE;0,00;8.000,00;0
3294;2995;;1;;0;TRUE;0,00;0,00;0
3295;2996;35;1;8.000,00;0;TRUE;0,00;8.000,00;0
3296;2996;;1;;0;TRUE;0,00;0,00;0
3297;2997;35;1;9.000,00;0;TRUE;0,00;9.000,00;0
3298;2997;;1;;0;TRUE;0,00;0,00;0
3299;2998;108;1;9.000,00;0;TRUE;0,00;9.000,00;0
3300;2998;;1;;0;TRUE;0,00;0,00;0
3301;2999;35;1;8.000,00;0;TRUE;0,00;8.000,00;0
3302;2999;;1;;0;TRUE;0,00;0,00;0
3303;3000;35;1;8.000,00;0;TRUE;0,00;8.000,00;0
3304;3000;;1;;0;TRUE;0,00;0,00;0
3305;3001;35;1;8.000,00;0;TRUE;0,00;8.000,00;0
3306;3001;;1;;0;TRUE;0,00;0,00;0
3307;3002;35;1;8.000,00;0;TRUE;0,00;8.000,00;0
3308;3002;;1;;0;TRUE;0,00;0,00;0
3309;3003;35;1;8.000,00;0;TRUE;0,00;8.000,00;0
3310;3003;;1;;0;TRUE;0,00;0,00;0
3311;3004;35;1;8.000,00;0;TRUE;0,00;8.000,00;0
3312;3004;;1;;0;TRUE;0,00;0,00;0
3313;3005;35;1;8.000,00;0;TRUE;0,00;8.000,00;0
3314;3005;;1;;0;TRUE;0,00;0,00;0
3315;3006;35;1;8.000,00;0;TRUE;0,00;8.000,00;0
3316;3006;;1;;0;TRUE;0,00;0,00;0
3317;3007;35;1;8.000,00;0;TRUE;0,00;8.000,00;0
3318;3007;;1;;0;TRUE;0,00;0,00;0
3319;3008;108;1;8.000,00;0;TRUE;0,00;8.000,00;0
3320;3008;;1;;0;TRUE;0,00;0,00;0
3321;3009;108;1;8.000,00;0;TRUE;0,00;8.000,00;0
3322;3009;;1;;0;TRUE;0,00;0,00;0
3323;3010;108;1;8.000,00;0;TRUE;0,00;8.000,00;0
3324;3010;;1;;0;TRUE;0,00;0,00;0
3325;3011;108;1;8.000,00;0;TRUE;0,00;8.000,00;0
3326;3011;;1;;0;TRUE;0,00;0,00;0
3327;3012;108;1;8.000,00;0;TRUE;0,00;8.000,00;0
3328;3012;;1;;0;TRUE;0,00;0,00;0
3329;3013;108;1;8.000,00;0;TRUE;0,00;8.000,00;0
3330;3014;108;1;8.000,00;0;TRUE;0,00;8.000,00;0
3331;3014;;1;;0;TRUE;0,00;0,00;0
3332;3015;108;1;8.000,00;0;TRUE;0,00;8.000,00;0
3333;3015;;1;;0;TRUE;0,00;0,00;0
3334;3016;108;1;8.000,00;0;TRUE;0,00;8.000,00;0
3335;3016;;1;;0;TRUE;0,00;0,00;0
3336;3017;224;35;7.345,00;0;TRUE;0,00;6.500,00;0,129999995
3337;3018;35;1;8.000,00;0;TRUE;0,00;8.000,00;0
3338;3018;;1;;0;TRUE;0,00;0,00;0
3339;3019;35;1;8.000,00;0;TRUE;0,00;8.000,00;0
3340;3019;;1;;0;TRUE;0,00;0,00;0
3341;3020;35;1;8.000,00;0;TRUE;0,00;8.000,00;0
3342;3020;;1;;0;TRUE;0,00;0,00;0
3343;3021;35;1;8.000,00;0;TRUE;0,00;8.000,00;0
3344;3021;;1;;0;TRUE;0,00;0,00;0
3345;3022;35;1;8.000,00;0;TRUE;0,00;8.000,00;0
3346;3022;;1;;0;TRUE;0,00;0,00;0
3347;3023;35;1;8.000,00;0;TRUE;0,00;8.000,00;0
3348;3023;;1;;0;TRUE;0,00;0,00;0
3349;3024;35;1;8.000,00;0;TRUE;0,00;8.000,00;0
3350;3024;;1;;0;TRUE;0,00;0,00;0
3351;3025;35;1;8.000,00;0;TRUE;0,00;8.000,00;0
3352;3025;;1;;0;TRUE;0,00;0,00;0
3353;3026;35;1;8.000,00;0;TRUE;0,00;8.000,00;0
3354;3026;;1;;0;TRUE;0,00;0,00;0
3355;3027;35;1;8.000,00;0;TRUE;0,00;8.000,00;0
3356;3027;;1;;0;TRUE;0,00;0,00;0
3357;3028;35;1;8.000,00;0;TRUE;0,00;8.000,00;0
3358;3028;;1;;0;TRUE;0,00;0,00;0
3359;3029;35;1;8.000,00;0;TRUE;0,00;8.000,00;0
3360;3029;;1;;0;TRUE;0,00;0,00;0
3361;3030;35;1;8.000,00;0;TRUE;0,00;8.000,00;0
3362;3030;;1;;0;TRUE;0,00;0,00;0
3363;3031;35;1;8.000,00;0;TRUE;0,00;8.000,00;0
3364;3031;;1;;0;TRUE;0,00;0,00;0
3365;3032;35;1;8.000,00;0;TRUE;0,00;8.000,00;0
3366;3032;;1;;0;TRUE;0,00;0,00;0
3367;3033;35;1;8.000,00;0;TRUE;0,00;8.000,00;0
3368;3033;;1;;0;TRUE;0,00;0,00;0
3369;3034;41;1;0,00;0;TRUE;2.700,00;0,00;0
3370;3034;;1;;0;TRUE;0,00;0,00;0
3371;3035;35;1;9.000,00;0;TRUE;0,00;9.000,00;0
3372;3035;;1;;0;TRUE;0,00;0,00;0
3373;3036;141;1;10.000,00;0;TRUE;0,00;10.000,00;0
3374;3036;;1;;0;TRUE;0,00;0,00;0
3375;3037;35;1;8.000,00;0;TRUE;0,00;8.000,00;0
3376;3037;;1;;0;TRUE;0,00;0,00;0
3377;3038;35;1;8.000,00;0;TRUE;0,00;8.000,00;0
3378;3038;;1;;0;TRUE;0,00;0,00;0
3379;3039;35;1;8.000,00;0;TRUE;0,00;8.000,00;0
3380;3039;;1;;0;TRUE;0,00;0,00;0
3381;3040;35;1;8.000,00;0;TRUE;0,00;8.000,00;0
3382;3040;;1;;0;TRUE;0,00;0,00;0
3383;3041;35;1;8.000,00;0;TRUE;0,00;8.000,00;0
3384;3041;;1;;0;TRUE;0,00;0,00;0
3385;3042;35;1;8.000,00;0;TRUE;0,00;8.000,00;0
3386;3042;;1;;0;TRUE;0,00;0,00;0
3387;3043;35;1;8.000,00;0;TRUE;0,00;8.000,00;0
3388;3043;;1;;0;TRUE;0,00;0,00;0
3389;3044;41;1;24.500,00;0;TRUE;0,00;24.500,00;0
3392;3045;35;1;9.000,00;0;TRUE;0,00;9.000,00;0
3393;3045;;1;;0;TRUE;0,00;0,00;0
3394;3046;108;1;8.000,00;0;TRUE;0,00;8.000,00;0
3395;3046;;1;;0;TRUE;0,00;0,00;0
3396;3047;108;1;8.000,00;0;TRUE;0,00;8.000,00;0
3397;3047;;1;;0;TRUE;0,00;0,00;0
3398;3048;108;1;8.000,00;0;TRUE;0,00;8.000,00;0
3399;3048;;1;;0;TRUE;0,00;0,00;0
3400;3049;108;1;8.000,00;0;TRUE;0,00;8.000,00;0
3401;3049;;1;;0;TRUE;0,00;0,00;0
3402;3050;191;1;0,00;0;TRUE;2.850,00;0,00;0
3403;3050;;1;;0;TRUE;0,00;0,00;0
3404;3051;191;1;0,00;0;TRUE;2.850,00;0,00;0
3405;3051;;1;;0;TRUE;0,00;0,00;0
3406;3052;192;1;0,00;0;TRUE;2.800,00;0,00;0
3407;3052;;1;;0;TRUE;0,00;0,00;0
3408;3053;108;1;8.000,00;0;TRUE;0,00;8.000,00;0
3409;3053;;1;;0;TRUE;0,00;0,00;0
3410;3054;41;1;0,00;0;TRUE;2.400,00;0,00;0
3411;3054;;1;;0;TRUE;0,00;0,00;0
3412;3055;191;1;0,00;0;TRUE;2.800,00;0,00;0
3413;3055;;1;;0;TRUE;0,00;0,00;0
3414;3056;224;41;7.345,00;0;TRUE;0,00;6.500,00;0,129999995
3415;3057;41;1;0,00;0;TRUE;2.400,00;0,00;0
3416;3057;;1;;0;TRUE;0,00;0,00;0
3417;3058;192;1;0,00;0;TRUE;2.800,00;0,00;0
3419;3058;;1;;0;TRUE;0,00;0,00;0
3420;3059;192;1;0,00;0;TRUE;2.800,00;0,00;0
3421;3059;;1;;0;TRUE;0,00;0,00;0
3422;3060;190;1;14.000,00;0;TRUE;0,00;12.389,38;0,129999995
3425;3060;;1;;0;TRUE;0,00;0,00;0
3426;3061;2;1;10.000,00;0;TRUE;0,00;10.000,00;0
3427;3061;;1;;0;TRUE;0,00;0,00;0
3428;3062;28;1;22.000,00;0;TRUE;0,00;22.000,00;0
3429;3062;;1;;0;TRUE;0,00;0,00;0
3430;3063;108;1;8.000,00;0;TRUE;0,00;8.000,00;0
3431;3063;;1;;0;TRUE;0,00;0,00;0
3432;3064;108;1;8.000,00;0;TRUE;0,00;8.000,00;0
3433;3064;;1;;0;TRUE;0,00;0,00;0
3434;3065;191;1;0,00;0;TRUE;2.850,00;0,00;0
3435;3065;;1;;0;TRUE;0,00;0,00;0
3436;3066;191;1;0,00;0;TRUE;2.850,00;0,00;0
3437;3066;;1;;0;TRUE;0,00;0,00;0
3438;3067;35;1;8.000,00;0;TRUE;0,00;8.000,00;0
3439;3067;;1;;0;TRUE;0,00;0,00;0
3440;3068;35;1;8.000,00;0;TRUE;0,00;8.000,00;0
3441;3068;;1;;0;TRUE;0,00;0,00;0
3442;3069;41;1;27.000,00;0;TRUE;0,00;27.000,00;0
3443;3069;;1;;0;TRUE;0,00;0,00;0
3444;3070;41;1;27.000,00;0;TRUE;0,00;27.000,00;0
3445;3070;;1;;0;TRUE;0,00;0,00;0
3446;3071;2;1;11.000,00;0;TRUE;0,00;11.000,00;0
3447;3071;;1;;0;TRUE;0,00;0,00;0
3448;3072;41;1;0,00;0;TRUE;2.500,00;0,00;0
3449;3072;;1;;0;TRUE;0,00;0,00;0
3450;3073;35;1;8.000,00;0;TRUE;0,00;8.000,00;0
3451;3073;;1;;0;TRUE;0,00;0,00;0
3452;3074;35;1;9.000,00;0;TRUE;0,00;9.000,00;0
3453;3074;;1;;0;TRUE;0,00;0,00;0
3454;3075;120;1;10.000,00;0;TRUE;0,00;10.000,00;0
3455;3075;;1;;0;TRUE;0,00;0,00;0
3456;3076;41;1;27.000,00;0;TRUE;0,00;27.000,00;0
3457;3076;;1;;0;TRUE;0,00;0,00;0
3458;3077;141;1;10.000,00;0;TRUE;0,00;10.000,00;0
3459;3077;;1;;0;TRUE;0,00;0,00;0
3460;3078;191;1;0,00;0;TRUE;2.850,00;0,00;0
3461;3078;;1;;0;TRUE;0,00;0,00;0
3462;3079;41;1;0,00;0;TRUE;2.600,00;0,00;0
3463;3079;;1;;0;TRUE;0,00;0,00;0
3464;3080;108;1;8.000,00;0;TRUE;0,00;8.000,00;0
3465;3080;;1;;0;TRUE;0,00;0,00;0
3466;3081;41;1;0,00;0;TRUE;2.500,00;0,00;0
3467;3081;;1;;0;TRUE;0,00;0,00;0
3468;3082;41;1;30.400,00;0;TRUE;0,00;30.400,00;0
3469;3082;;1;;0;TRUE;0,00;0,00;0
3470;3083;35;1;9.000,00;0;TRUE;0,00;9.000,00;0
3471;3083;;1;;0;TRUE;0,00;0,00;0
3472;3084;41;1;27.000,00;0;TRUE;0,00;27.000,00;0
3473;3084;;1;;0;TRUE;0,00;0,00;0
3474;3085;192;1;0,00;0;TRUE;2.800,00;0,00;0
3475;3085;;1;;0;TRUE;0,00;0,00;0
3476;3086;35;1;8.000,00;0;TRUE;0,00;8.000,00;0
3477;3086;;1;;0;TRUE;0,00;0,00;0
3478;3087;35;1;8.000,00;0;TRUE;0,00;8.000,00;0
3479;3087;;1;;0;TRUE;0,00;0,00;0
3480;3044;;1;;0;TRUE;0,00;0,00;0
3481;3088;41;1;0,00;0;TRUE;2.700,00;0,00;0
3482;3088;;1;;0;TRUE;0,00;0,00;0
3483;3089;41;1;0,00;0;TRUE;2.700,00;0,00;0
3484;3089;;1;;0;TRUE;0,00;0,00;0
3485;3090;41;1;0,00;0;TRUE;2.700,00;0,00;0
3486;3090;;1;;0;TRUE;0,00;0,00;0
3487;3091;159;1;10.000,00;0;TRUE;0,00;10.000,00;0
3488;3091;;1;;0;TRUE;0,00;0,00;0
3489;3092;254;1;25.000,00;0;TRUE;0,00;25.000,00;0
3490;3092;;1;;0;TRUE;0,00;0,00;0
3491;3093;41;1;27.000,00;0;TRUE;0,00;27.000,00;0
3492;3093;;1;;0;TRUE;0,00;0,00;0
3493;3094;108;1;8.000,00;0;TRUE;0,00;8.000,00;0
3494;3094;;1;;0;TRUE;0,00;0,00;0
3495;3095;41;1;0,00;0;TRUE;2.700,00;0,00;0
3496;3095;;1;;0;TRUE;0,00;0,00;0
3497;3096;35;1;8.000,00;0;TRUE;0,00;8.000,00;0
3498;3096;;1;;0;TRUE;0,00;0,00;0
3499;3097;41;1;0,00;0;TRUE;2.600,00;0,00;0
3500;3097;;1;;0;TRUE;0,00;0,00;0
3501;3098;41;1;0,00;0;TRUE;2.700,00;0,00;0
3502;3098;;1;;0;TRUE;0,00;0,00;0
3503;3099;191;1;0,00;0;TRUE;2.850,00;0,00;0
3504;3099;;1;;0;TRUE;0,00;0,00;0
3505;3100;35;1;8.000,00;0;TRUE;0,00;8.000,00;0
3506;3100;;1;;0;TRUE;0,00;0,00;0
3507;3101;35;1;8.000,00;0;TRUE;0,00;8.000,00;0
3508;3101;;1;;0;TRUE;0,00;0,00;0
3509;3102;35;1;8.000,00;0;TRUE;0,00;8.000,00;0
3510;3102;;1;;0;TRUE;0,00;0,00;0
3511;3103;35;1;8.000,00;0;TRUE;0,00;8.000,00;0
3512;3103;;1;;0;TRUE;0,00;0,00;0
3513;3104;35;1;8.000,00;0;TRUE;0,00;8.000,00;0
3514;3104;;1;;0;TRUE;0,00;0,00;0
3515;3105;106;1;50.000,00;0;TRUE;0,00;50.000,00;0
3516;3105;;1;;0;TRUE;0,00;0,00;0
3517;3106;106;1;50.000,00;0;TRUE;0,00;50.000,00;0
3518;3106;;1;;0;TRUE;0,00;0,00;0
3519;3107;35;1;9.000,00;0;TRUE;0,00;9.000,00;0
3520;3107;;1;;0;TRUE;0,00;0,00;0
3521;3108;41;1;0,00;0;TRUE;2.700,00;0,00;0
3522;3108;;1;;0;TRUE;0,00;0,00;0
3523;3109;35;1;8.000,00;0;TRUE;0,00;8.000,00;0
3524;3109;;1;;0;TRUE;0,00;0,00;0
3525;3110;224;35;7.345,00;0;TRUE;0,00;6.500,00;0,129999995
3526;3111;41;1;0,00;0;TRUE;2.700,00;0,00;0
3527;3111;;1;;0;TRUE;0,00;0,00;0
3528;3112;41;1;0,00;0;TRUE;2.700,00;0,00;0
3529;3112;;1;;0;TRUE;0,00;0,00;0
3530;3113;41;1;0,00;0;TRUE;2.700,00;0,00;0
3531;3113;;1;;0;TRUE;0,00;0,00;0
3532;3114;41;1;0,00;0;TRUE;2.600,00;0,00;0
3533;3114;;1;;0;TRUE;0,00;0,00;0
3534;3115;191;1;0,00;0;TRUE;2.800,00;0,00;0
3535;3115;;1;;0;TRUE;0,00;0,00;0
3536;3116;41;1;27.000,00;0;TRUE;0,00;27.000,00;0
3537;3116;;1;;0;TRUE;0,00;0,00;0
3538;3117;255;1;37.800,00;0;TRUE;0,00;37.800,00;0
3539;3117;;1;;0;TRUE;0,00;0,00;0
3540;3118;41;1;0,00;0;TRUE;2.700,00;0,00;0
3541;3118;;1;;0;TRUE;0,00;0,00;0
3542;3119;192;1;0,00;0;TRUE;2.800,00;0,00;0
3543;3119;;1;;0;TRUE;0,00;0,00;0
3544;3120;35;1;8.000,00;0;TRUE;0,00;8.000,00;0
3545;3120;;1;;0;TRUE;0,00;0,00;0
3546;3121;35;1;8.000,00;0;TRUE;0,00;8.000,00;0
3547;3121;;1;;0;TRUE;0,00;0,00;0
3548;3122;35;1;8.000,00;0;TRUE;0,00;8.000,00;0
3549;3122;;1;;0;TRUE;0,00;0,00;0
3550;3123;35;1;8.000,00;0;TRUE;0,00;8.000,00;0
3551;3123;;1;;0;TRUE;0,00;0,00;0
3552;3124;35;1;8.000,00;0;TRUE;0,00;8.000,00;0
3553;3124;;1;;0;TRUE;0,00;0,00;0
3554;3125;191;1;0,00;0;TRUE;2.800,00;0,00;0
3555;3125;;1;;0;TRUE;0,00;0,00;0
3556;3126;35;1;8.000,00;0;TRUE;0,00;8.000,00;0
3557;3126;;1;;0;TRUE;0,00;0,00;0
3558;3127;41;1;0,00;0;TRUE;2.700,00;0,00;0
3559;3127;;1;;0;TRUE;0,00;0,00;0
3560;3128;35;1;8.000,00;0;TRUE;0,00;8.000,00;0
3561;3129;108;1;8.000,00;0;TRUE;0,00;8.000,00;0
3562;3129;;1;;0;TRUE;0,00;0,00;0
3563;3130;35;1;8.000,00;0;TRUE;0,00;8.000,00;0
3564;3130;;1;;0;TRUE;0,00;0,00;0
3566;3132;41;1;0,00;0;TRUE;2.700,00;0,00;0
3567;3132;;1;;0;TRUE;0,00;0,00;0
3568;3133;41;1;0,00;0;TRUE;2.700,00;0,00;0
3569;3133;;1;;0;TRUE;0,00;0,00;0
3570;3134;41;1;0,00;0;TRUE;2.600,00;0,00;0
3571;3134;;1;;0;TRUE;0,00;0,00;0
3572;3135;190;1;12.995,00;0;TRUE;0,00;11.500,00;0,129999995
3573;3136;41;1;28.350,00;0;TRUE;0,00;28.350,00;0
3574;3136;;1;;0;TRUE;0,00;0,00;0
3575;3137;35;1;8.000,00;0;TRUE;0,00;8.000,00;0
3576;3137;;1;;0;TRUE;0,00;0,00;0
3577;3138;35;1;8.000,00;0;TRUE;0,00;8.000,00;0
3578;3138;;1;;0;TRUE;0,00;0,00;0
3579;3139;191;1;0,00;0;TRUE;2.800,00;0,00;0
3580;3139;;1;;0;TRUE;0,00;0,00;0
3581;3140;108;1;8.000,00;0;TRUE;0,00;8.000,00;0
3582;3140;;1;;0;TRUE;0,00;0,00;0
3583;3141;35;1;8.000,00;0;TRUE;0,00;8.000,00;0
3584;3141;;1;;0;TRUE;0,00;0,00;0
3585;3142;35;1;8.000,00;0;TRUE;0,00;8.000,00;0
3586;3142;;1;;0;TRUE;0,00;0,00;0
3587;3143;41;1;0,00;0;TRUE;2.600,00;0,00;0
3588;3144;41;1;30.400,00;0;TRUE;0,00;30.400,00;0
3589;3144;;1;;0;TRUE;0,00;0,00;0
3590;3145;191;1;0,00;0;TRUE;2.800,00;0,00;0
3591;3145;;1;;0;TRUE;0,00;0,00;0
3592;3146;108;1;8.000,00;0;TRUE;0,00;8.000,00;0
3593;3146;;1;;0;TRUE;0,00;0,00;0
3594;3147;108;1;8.000,00;0;TRUE;0,00;8.000,00;0
3595;3147;;1;;0;TRUE;0,00;0,00;0
3596;3148;191;1;0,00;0;TRUE;2.850,00;0,00;0
3597;3148;;1;;0;TRUE;0,00;0,00;0
3598;3149;108;1;8.000,00;0;TRUE;0,00;8.000,00;0
3599;3149;;1;;0;TRUE;0,00;0,00;0
3600;3150;41;1;0,00;0;TRUE;2.700,00;0,00;0
3601;3150;;1;;0;TRUE;0,00;0,00;0
3602;3151;41;1;0,00;0;TRUE;2.700,00;0,00;0
3605;3151;125;1;0,00;0;TRUE;45,00;0,00;0
3608;3151;;1;;0;TRUE;0,00;0,00;0
3609;3152;41;1;0,00;0;TRUE;2.700,00;0,00;0
3610;3152;;1;;0;TRUE;0,00;0,00;0
3611;3153;108;1;8.000,00;0;TRUE;0,00;8.000,00;0
3612;3153;;1;;0;TRUE;0,00;0,00;0
3613;3154;35;1;8.000,00;0;TRUE;0,00;8.000,00;0
3614;3154;;1;;0;TRUE;0,00;0,00;0
3615;3155;41;1;28.350,00;0;TRUE;0,00;28.350,00;0
3616;3155;;1;;0;TRUE;0,00;0,00;0
3617;3156;190;1;14.000,00;0;TRUE;0,00;12.389,38;0,129999995
3618;3157;41;1;0,00;0;TRUE;2.700,00;0,00;0
3619;3157;;1;;0;TRUE;0,00;0,00;0
3620;3158;191;1;0,00;0;TRUE;2.800,00;0,00;0
3621;3158;;1;;0;TRUE;0,00;0,00;0
3622;3159;41;1;0,00;0;TRUE;2.700,00;0,00;0
3623;3159;;1;;0;TRUE;0,00;0,00;0
3624;3160;41;1;28.350,00;0;TRUE;0,00;28.350,00;0
3625;3160;;1;;0;TRUE;0,00;0,00;0
3626;3161;35;1;9.000,00;0;TRUE;0,00;9.000,00;0
3627;3161;;1;;0;TRUE;0,00;0,00;0
3628;3162;35;1;8.000,00;0;TRUE;0,00;8.000,00;0
3629;3162;;1;;0;TRUE;0,00;0,00;0
3631;3164;192;1;20.000,00;0;TRUE;0,00;20.000,00;0
3632;3164;;1;;0;TRUE;0,00;0,00;0
3633;3165;35;1;8.000,00;0;TRUE;0,00;8.000,00;0
3634;3165;;1;;0;TRUE;0,00;0,00;0
3635;3166;2;1;8.000,00;0;TRUE;0,00;8.000,00;0
3636;3166;;1;;0;TRUE;0,00;0,00;0
3637;3167;41;1;0,00;0;TRUE;2.700,00;0,00;0
3638;3167;;1;;0;TRUE;0,00;0,00;0
3639;3168;108;1;8.000,00;0;TRUE;0,00;8.000,00;0
3640;3168;;1;;0;TRUE;0,00;0,00;0
3641;3169;192;1;0,00;0;TRUE;3.600,00;0,00;0
3642;3169;;1;;0;TRUE;0,00;0,00;0
3643;3170;191;1;0,00;0;TRUE;2.800,00;0,00;0
3644;3170;;1;;0;TRUE;0,00;0,00;0
3645;3171;108;1;8.000,00;0;TRUE;0,00;8.000,00;0
3646;3171;;1;;0;TRUE;0,00;0,00;0
3647;3172;248;1;21.000,00;0;TRUE;0,00;21.000,00;0
3648;3172;;1;;0;TRUE;0,00;0,00;0
3649;3173;248;1;21.000,00;0;TRUE;0,00;21.000,00;0
3650;3173;;1;;0;TRUE;0,00;0,00;0
3651;3174;249;1;24.000,00;0;TRUE;0,00;24.000,00;0
3652;3174;;1;;0;TRUE;0,00;0,00;0
3653;3175;249;1;24.000,00;0;TRUE;0,00;24.000,00;0
3654;3175;;1;;0;TRUE;0,00;0,00;0
3655;3176;248;1;21.000,00;0;TRUE;0,00;21.000,00;0
3656;3176;;1;;0;TRUE;0,00;0,00;0
3657;3177;249;1;24.000,00;0;TRUE;0,00;24.000,00;0
3658;3177;;1;;0;TRUE;0,00;0,00;0
3659;3178;4;1;12.000,00;0;TRUE;0,00;12.000,00;0
3660;3178;;1;;0;TRUE;0,00;0,00;0
3661;3179;224;35;7.280,00;0;TRUE;0,00;6.500,00;0,119999997
3662;3180;35;1;9.000,00;0;TRUE;0,00;9.000,00;0
3663;3180;;1;;0;TRUE;0,00;0,00;0
3664;3181;191;1;0,00;0;TRUE;2.850,00;0,00;0
3665;3181;;1;;0;TRUE;0,00;0,00;0
3666;3182;191;1;0,00;0;TRUE;2.800,00;0,00;0
3667;3182;;1;;0;TRUE;0,00;0,00;0
3668;3183;41;1;0,00;0;TRUE;2.600,00;0,00;0
3669;3183;;1;;0;TRUE;0,00;0,00;0
3670;3184;35;1;9.000,00;0;TRUE;0,00;9.000,00;0
3671;3184;;1;;0;TRUE;0,00;0,00;0
3672;3185;191;1;0,00;0;TRUE;2.800,00;0,00;0
3673;3185;;1;;0;TRUE;0,00;0,00;0
3674;3186;35;1;8.000,00;0;TRUE;0,00;8.000,00;0
3675;3186;;1;;0;TRUE;0,00;0,00;0
3676;3187;191;1;0,00;0;TRUE;2.800,00;0,00;0
3677;3187;;1;;0;TRUE;0,00;0,00;0
3678;3188;35;1;8.000,00;0;TRUE;0,00;8.000,00;0
3679;3188;;1;;0;TRUE;0,00;0,00;0
3680;3189;191;1;0,00;0;TRUE;2.800,00;0,00;0
3681;3189;;1;;0;TRUE;0,00;0,00;0
3682;3190;41;1;0,00;0;TRUE;2.700,00;0,00;0
3683;3190;;1;;0;TRUE;0,00;0,00;0
3684;3191;35;1;8.000,00;0;TRUE;0,00;8.000,00;0
3685;3191;;1;;0;TRUE;0,00;0,00;0
3686;3192;35;1;8.000,00;0;TRUE;0,00;8.000,00;0
3687;3192;;1;;0;TRUE;0,00;0,00;0
3688;3193;35;1;8.000,00;0;TRUE;0,00;8.000,00;0
3689;3193;;1;;0;TRUE;0,00;0,00;0
3690;3194;35;1;8.000,00;0;TRUE;0,00;8.000,00;0
3691;3194;;1;;0;TRUE;0,00;0,00;0
3692;3195;35;1;8.000,00;0;TRUE;0,00;8.000,00;0
3693;3195;;1;;0;TRUE;0,00;0,00;0
3694;3196;35;1;8.000,00;0;TRUE;0,00;8.000,00;0
3695;3196;;1;;0;TRUE;0,00;0,00;0
3696;3197;191;1;28.000,00;0;TRUE;0,00;28.000,00;0
3697;3197;;1;;0;TRUE;0,00;0,00;0
3698;3198;256;1;38.000,00;0;TRUE;0,00;38.000,00;0
3699;3198;;1;;0;TRUE;0,00;0,00;0
3700;3199;191;1;0,00;0;TRUE;2.800,00;0,00;0
3701;3199;;1;;0;TRUE;0,00;0,00;0
3702;3200;191;1;0,00;0;TRUE;2.800,00;0,00;0
3703;3200;;1;;0;TRUE;0,00;0,00;0
3704;3201;35;1;9.000,00;0;TRUE;0,00;9.000,00;0
3705;3201;;1;;0;TRUE;0,00;0,00;0
3706;3202;35;1;8.000,00;0;TRUE;0,00;8.000,00;0
3707;3202;;1;;0;TRUE;0,00;0,00;0
3708;3203;191;1;0,00;0;TRUE;2.800,00;0,00;0
3709;3203;;1;;0;TRUE;0,00;0,00;0
3710;3204;35;1;8.000,00;0;TRUE;0,00;8.000,00;0
3711;3204;;1;;0;TRUE;0,00;0,00;0
3712;3205;191;1;0,00;0;TRUE;2.800,00;0,00;0
3713;3205;;1;;0;TRUE;0,00;0,00;0
3714;3206;41;1;0,00;0;TRUE;2.600,00;0,00;0
3715;3206;;1;;0;TRUE;0,00;0,00;0
3716;3207;191;1;0,00;0;TRUE;2.850,00;0,00;0
3717;3207;;1;;0;TRUE;0,00;0,00;0
3718;3208;192;1;0,00;0;TRUE;2.800,00;0,00;0
3719;3208;;1;;0;TRUE;0,00;0,00;0
3720;3209;35;1;8.000,00;0;TRUE;0,00;8.000,00;0
3721;3209;;1;;0;TRUE;0,00;0,00;0
3722;3210;35;1;8.000,00;0;TRUE;0,00;8.000,00;0
3723;3210;;1;;0;TRUE;0,00;0,00;0
3724;3211;35;1;8.000,00;0;TRUE;0,00;8.000,00;0
3725;3211;;1;;0;TRUE;0,00;0,00;0
3726;3212;191;1;0,00;0;TRUE;2.800,00;0,00;0
3727;3212;;1;;0;TRUE;0,00;0,00;0
3728;3213;191;1;28.000,00;0;TRUE;0,00;28.000,00;0
3729;3213;;1;;0;TRUE;0,00;0,00;0
3730;3214;35;1;8.000,00;0;TRUE;0,00;8.000,00;0
3731;3214;;1;;0;TRUE;0,00;0,00;0
3732;3215;35;1;8.000,00;0;TRUE;0,00;8.000,00;0
3733;3215;;1;;0;TRUE;0,00;0,00;0
3734;3216;191;1;0,00;0;TRUE;2.800,00;0,00;0
3735;3216;;1;;0;TRUE;0,00;0,00;0
3736;3217;35;1;8.000,00;0;TRUE;0,00;8.000,00;0
3737;3217;;1;;0;TRUE;0,00;0,00;0
3738;3218;191;1;28.000,00;0;TRUE;0,00;28.000,00;0
3739;3218;;1;;0;TRUE;0,00;0,00;0
3740;3219;256;1;38.000,00;0;TRUE;0,00;38.000,00;0
3741;3219;;1;;0;TRUE;0,00;0,00;0
3742;3220;191;1;0,00;0;TRUE;2.800,00;0,00;0
3743;3220;;1;;0;TRUE;0,00;0,00;0
3744;3221;35;1;8.000,00;0;TRUE;0,00;8.000,00;0
3745;3221;;1;;0;TRUE;0,00;0,00;0
3746;3222;191;1;0,00;0;TRUE;2.800,00;0,00;0
3747;3222;;1;;0;TRUE;0,00;0,00;0
3748;3223;256;1;38.000,00;0;TRUE;0,00;38.000,00;0
3749;3223;252;1;6.550,00;0;TRUE;0,00;6.550,00;0
3750;3224;35;1;8.000,00;0;TRUE;0,00;8.000,00;0
3751;3224;;1;;0;TRUE;0,00;0,00;0
3752;3225;150;1;8.000,00;0;TRUE;0,00;8.000,00;0
3753;3225;;1;;0;TRUE;0,00;0,00;0
3754;3226;191;1;0,00;0;TRUE;2.800,00;0,00;0
3755;3226;;1;;0;TRUE;0,00;0,00;0
3756;3227;35;1;8.000,00;0;TRUE;0,00;8.000,00;0
3757;3227;;1;;0;TRUE;0,00;0,00;0
3758;3228;191;1;0,00;0;TRUE;2.800,00;0,00;0
3759;3228;;1;;0;TRUE;0,00;0,00;0
3760;3229;150;1;8.000,00;0;TRUE;0,00;8.000,00;0
3761;3229;;1;;0;TRUE;0,00;0,00;0
3762;3230;35;1;8.000,00;0;TRUE;0,00;8.000,00;0
3763;3230;;1;;0;TRUE;0,00;0,00;0
3764;3231;35;1;8.000,00;0;TRUE;0,00;8.000,00;0
3765;3231;;1;;0;TRUE;0,00;0,00;0
3766;3232;191;1;0,00;0;TRUE;2.850,00;0,00;0
3767;3232;;1;;0;TRUE;0,00;0,00;0
3768;3223;;1;;0;TRUE;0,00;0,00;0
3769;3233;35;1;9.000,00;0;TRUE;0,00;9.000,00;0
3770;3233;;1;;0;TRUE;0,00;0,00;0
3771;3234;191;1;0,00;0;TRUE;2.800,00;0,00;0
3772;3234;;1;;0;TRUE;0,00;0,00;0
3773;3235;41;1;0,00;0;TRUE;2.500,00;0,00;0
3774;3235;;1;;0;TRUE;0,00;0,00;0
3775;3236;191;1;28.000,00;0;TRUE;0,00;28.000,00;0
3776;3236;;1;;0;TRUE;0,00;0,00;0
3777;3237;2;1;8.000,00;0;TRUE;0,00;8.000,00;0
3778;3237;;1;;0;TRUE;0,00;0,00;0
3779;3238;2;1;8.000,00;0;TRUE;0,00;8.000,00;0
3780;3238;;1;;0;TRUE;0,00;0,00;0
3781;3239;41;1;0,00;0;TRUE;2.600,00;0,00;0
3782;3239;;1;;0;TRUE;0,00;0,00;0
3783;3240;35;1;8.000,00;0;TRUE;0,00;8.000,00;0
3784;3240;;1;;0;TRUE;0,00;0,00;0
3785;3241;41;1;0,00;0;TRUE;2.600,00;0,00;0
3786;3241;;1;;0;TRUE;0,00;0,00;0
3787;3242;256;1;38.000,00;0;TRUE;0,00;38.000,00;0
3788;3242;;1;;0;TRUE;0,00;0,00;0
3789;3243;191;1;0,00;0;TRUE;2.800,00;0,00;0
3790;3243;;1;;0;TRUE;0,00;0,00;0
3791;3244;35;1;8.000,00;0;TRUE;0,00;8.000,00;0
3792;3244;;1;;0;TRUE;0,00;0,00;0
3793;3245;191;1;0,00;0;TRUE;2.850,00;0,00;0
3794;3245;;1;;0;TRUE;0,00;0,00;0
3795;3246;35;1;8.000,00;0;TRUE;0,00;8.000,00;0
3796;3246;;1;;0;TRUE;0,00;0,00;0
3804;3247;191;1;0,00;0;TRUE;2.800,00;0,00;0
3806;3248;35;1;8.000,00;0;TRUE;0,00;8.000,00;0
3807;3248;;1;;0;TRUE;0,00;0,00;0
3808;3249;35;1;8.000,00;0;TRUE;0,00;8.000,00;0
3809;3249;;1;;0;TRUE;0,00;0,00;0
3810;3250;35;1;8.000,00;0;TRUE;0,00;8.000,00;0
3811;3250;;1;;0;TRUE;0,00;0,00;0
3812;3251;41;1;0,00;0;TRUE;1.193,75;0,00;0
3813;3251;;1;;0;TRUE;0,00;0,00;0
3814;3252;41;1;0,00;0;TRUE;1.406,25;0,00;0
3815;3252;;1;;0;TRUE;0,00;0,00;0
3816;3253;35;1;8.000,00;0;TRUE;0,00;8.000,00;0
3817;3253;;1;;0;TRUE;0,00;0,00;0
3818;3254;35;1;8.000,00;0;TRUE;0,00;8.000,00;0
3819;3254;;1;;0;TRUE;0,00;0,00;0
3820;3255;191;1;0,00;0;TRUE;2.800,00;0,00;0
3822;3256;191;1;0,00;0;TRUE;2.800,00;0,00;0
3823;3256;;1;;0;TRUE;0,00;0,00;0
3824;3257;256;1;38.000,00;0;TRUE;0,00;38.000,00;0
3825;3257;;1;;0;TRUE;0,00;0,00;0
3826;3258;35;1;8.000,00;0;TRUE;0,00;8.000,00;0
3827;3258;;1;;0;TRUE;0,00;0,00;0
3828;3259;192;1;0,00;0;TRUE;2.800,00;0,00;0
3829;3259;;1;;0;TRUE;0,00;0,00;0
3832;3247;191;1;0,00;0;TRUE;2.800,00;0,00;0
3834;3247;;1;;0;TRUE;0,00;0,00;0
3835;3255;;1;;0;TRUE;0,00;0,00;0
3836;316;;1;;0;TRUE;0,00;0,00;0
3838;304;;1;;0;TRUE;0,00;0,00;0
